week,symbol,side,weight,entry_close,published_utc
2026-09-28,MUBARAKUSDT,long,0.266667,0.05886,2026-09-30 11:52
2026-09-28,USELESSUSDT,long,0.133333,0.23769,2026-09-30 11:52
2026-09-28,KOMAUSDT,long,0.133333,0.019163,2026-09-30 11:52
2026-09-28,PUMPUSDT,long,0.133333,0.004928,2026-09-30 11:52
2026-09-28,PENGUUSDT,long,0.133333,0.009462,2026-09-30 11:52
2026-09-28,1000BONKUSDT,long,0.05,0.003497,2026-09-30 11:52
2026-09-28,DOGSUSDT,long,0.05,4.773e-05,2026-09-30 11:52
2026-09-28,NOTUSDT,long,0.05,0.0004974,2026-09-30 11:52
2026-09-28,WIFUSDT,long,0.05,0.2345,2026-09-30 11:52
2026-10-05,PUMPUSDT,long,0.266667,0.006463,2026-10-06 09:21
2026-10-05,MUBARAKUSDT,long,0.266667,0.07541,2026-10-06 09:21
2026-10-05,MEWUSDT,long,0.183333,0.0005349,2026-10-06 09:21
2026-10-05,1000BONKUSDT,long,0.183333,0.003842,2026-10-06 09:21
2026-10-05,1000PEPEUSDT,long,0.05,0.0043847,2026-10-06 09:21
2026-10-05,TSTUSDT,long,0.05,0.01872,2026-10-06 09:21
