time,BTC_spot,BTC_perp,BTC_funding,ETH_spot,ETH_perp,ETH_funding
2026-08-01 00:00:00+00:00,62823.64,62792.3,0.00010831,1844.94,1844.17,0.00014829
2026-08-02 00:00:00+00:00,63570,63550,0.0002118,1885.36,1884.37,9.816e-05
2026-08-03 00:00:00+00:00,63520,63497.2,0.00018838,1860.5,1859.78,0.00012795
2026-08-04 00:00:00+00:00,64106.56,64075.5,0.00017013,1869.75,1868.9,0.00018047
2026-08-05 00:00:00+00:00,64665.23,64633.9,5.365e-05,1908.9,1907.95,7.134e-05
2026-08-06 00:00:00+00:00,64323.61,64300,0.00015166,1904.1,1903.12,2.368e-05
2026-08-07 00:00:00+00:00,64923.19,64885.4,0.00011681,1914.18,1913.07,8.165e-05
2026-08-08 00:00:00+00:00,64962.6,64928.5,0.00016775,1916.74,1915.98,9.944e-05
2026-08-09 00:00:00+00:00,64901.59,64867.8,0.00018144,1910.65,1909.57,0.00015358
2026-08-10 00:00:00+00:00,63970.01,63939.3,0.00020462,1873.16,1872.31,9.688e-05
2026-08-11 00:00:00+00:00,63600,63572,0.00012545,1882.59,1881.8,0.00012801
2026-08-12 00:00:00+00:00,63479.99,63454.7,0.00025169,1879.81,1878.8,0.00023016
2026-08-13 00:00:00+00:00,63490.86,63456.7,0.00021635,1886.15,1885.39,0.00019664
2026-08-14 00:00:00+00:00,63043.56,63015,0.00015173,1882.2,1881.39,2.708e-05
2026-08-15 00:00:00+00:00,63086.01,63053.9,0.00018635,1882.64,1881.73,0.00015444
2026-08-16 00:00:00+00:00,62900,62876,7.805e-05,1876,1875.22,5.496e-05
2026-08-17 00:00:00+00:00,64532.1,64504.1,0.00020151,1913.6,1912.7,0.00015925
2026-08-18 00:00:00+00:00,64725.42,64694,0.00013834,1917.85,1917.1,0.00011282
2026-08-19 00:00:00+00:00,69334.79,69310,0.00015432,2252.8,2252.16,0.00016235
2026-08-20 00:00:00+00:00,73025.15,72998.7,0.00029077,2326.82,2326.18,0.0003
2026-08-21 00:00:00+00:00,78338.03,78309.1,0.00020778,2516.3,2515.97,0.00029031
2026-08-22 00:00:00+00:00,77074.93,77084.5,0.0003,2422.6,2421.4,0.0003
2026-08-23 00:00:00+00:00,77734,77719.1,0.0003,2463.41,2462.58,0.0003
2026-08-24 00:00:00+00:00,78992.75,78953,0.0003,2482.31,2481.03,0.0003
2026-08-25 00:00:00+00:00,78539.14,78505.4,0.00025818,2442.64,2441.72,0.00023436
2026-08-26 00:00:00+00:00,79023.75,78989.4,0.00020752,2506.78,2505.66,0.00020595
2026-08-27 00:00:00+00:00,80249.58,80208.9,0.00020926,2510.94,2509.74,0.00017308
2026-08-28 00:00:00+00:00,77845.87,77805.9,0.00022491,2442.8,2441.9,7.56e-05
2026-08-29 00:00:00+00:00,78230,78200.7,0.0003,2457.67,2456.5,0.0001047
2026-08-30 00:00:00+00:00,77682,77634.6,0.00025341,2416.88,2415.55,0.00010099
2026-08-31 00:00:00+00:00,78581.29,78549.6,0.00027271,2467.65,2466.53,0.00013588
2026-09-01 00:00:00+00:00,77439,77400.1,0.00022326,2418.57,2417.46,0.00015385
2026-09-02 00:00:00+00:00,77340.01,77300,0.00019812,2391.92,2390.91,0.00010372
2026-09-03 00:00:00+00:00,81270.37,81230.7,0.00022046,2507.51,2506.42,0.00026158
2026-09-04 00:00:00+00:00,79660.77,79616.1,0.00019511,2455.85,2454.57,0.00016131
2026-09-05 00:00:00+00:00,79831.75,79797.7,2.787e-05,2480.34,2479.17,9.965e-05
2026-09-06 00:00:00+00:00,80341.83,80301.1,8.697e-05,2514.48,2513.47,0.0001601
2026-09-07 00:00:00+00:00,79112.01,79075.9,8.09e-05,2490.16,2488.92,0.00010577
2026-09-08 00:00:00+00:00,78455.8,78425.6,0.00021751,2485.06,2483.87,8.967e-05
2026-09-09 00:00:00+00:00,78306.43,78264.1,0.00018703,2468.13,2466.97,0.00016822
2026-09-10 00:00:00+00:00,76568.72,76535.7,0.0001863,2438.27,2437.04,-6.885e-05
2026-09-11 00:00:00+00:00,77225.7,77191.1,0.00012721,2516.43,2515.47,0.0001174
2026-09-12 00:00:00+00:00,77278.73,77242.8,0.00015596,2525.93,2524.76,5.855e-05
2026-09-13 00:00:00+00:00,76842.01,76805,0.00016628,2477.1,2475.48,5.765e-05
2026-09-14 00:00:00+00:00,78189.21,78153.3,0.00019414,2515.75,2513.93,0.00016617
2026-09-15 00:00:00+00:00,75644.48,75599.9,0.00019563,2398.26,2397.15,-0.00011742
2026-09-16 00:00:00+00:00,76206.01,76174.6,0.00011997,2418.26,2417.49,-2.213e-05
2026-09-17 00:00:00+00:00,76417.01,76385.9,0.00021166,2447.28,2446.32,0.00011563
2026-09-18 00:00:00+00:00,80883.87,80863,0.00022525,2612.14,2611.15,0.00021457
2026-09-19 00:00:00+00:00,81249.99,81225.6,0.00026643,2632.69,2631.59,0.00025416
2026-09-20 00:00:00+00:00,81178,81143.9,0.00027524,2645.21,2643.71,0.00017596
2026-09-21 00:00:00+00:00,86620,86578.7,0.00019685,2776.19,2774.5,0.00025761
2026-09-22 00:00:00+00:00,86208.56,86158.6,0.00020447,2753.63,2752.69,0.00020823
2026-09-23 00:00:00+00:00,84397.6,84355.1,2.641e-05,2684.71,2683.41,0.00018337
2026-09-24 00:00:00+00:00,84410.24,84370,6.35e-05,2688.05,2686.65,0.00016905
2026-09-25 00:00:00+00:00,84099.99,84056,3.152e-05,2691.61,2690.56,0.00011433
2026-09-26 00:00:00+00:00,84433.1,84403.3,5.154e-05,2696.33,2694.97,0.00019148
2026-09-27 00:00:00+00:00,84472,84432.9,7.203e-05,2688.65,2687.36,0.00021102
2026-09-28 00:00:00+00:00,83500.01,83461,5.903e-05,2688.71,2687.55,5.985e-05
2026-09-29 00:00:00+00:00,83663.66,83624.5,0.00012033,2677.98,2676.94,0.00021186
2026-09-30 00:00:00+00:00,83623.6,83576.9,0.00014059,2686.01,2684.68,0.00015537
2026-10-01 00:00:00+00:00,84880.05,84829.6,,2706.42,2705.06,
2026-10-02 00:00:00+00:00,84518.01,84482.8,,2668.59,2667.28,
2026-10-03 00:00:00+00:00,84753.56,84710.6,,2687.23,2686.01,
2026-10-04 00:00:00+00:00,86530,86482.8,,2726.94,2725.71,
2026-10-05 00:00:00+00:00,85766.87,85717.2,,2709.98,2708.69,
2026-10-06 00:00:00+00:00,85549.93,85507.5,,2697.49,2696.45,
