symbol,held_weight,close
1000PEPEUSDT,-0.003472,0.0039549
1000SHIBUSDT,-0.005556,0.005461
ADAUSDT,0.000694,0.2429
AKEUSDT,0.0375,0.02778
APTUSDT,-0.003472,0.814
ARBUSDT,-0.000694,0.18256
ASTERUSDT,-0.01875,0.7032
BCHUSDT,-0.002778,276.31
BNBUSDT,-0.009028,742.2
BRUSDT,0.030556,0.52138
BTWUSDT,0.030556,1.5762
DASHUSDT,-0.025,51.2
DOGEUSDT,-0.009028,0.08532
DOTUSDT,-0.011806,1.2359
ENAUSDT,0.004167,0.21499
ETCUSDT,-0.013889,8.367
FETUSDT,-0.000694,0.2168
FILUSDT,0.000694,1.0834
HBARUSDT,0.000694,0.09219
HYPEUSDT,-0.005556,84.171
ICPUSDT,-0.009028,3.058
INJUSDT,-0.004167,6.934
KORUUSDT,-0.025694,17.89
LINKUSDT,-0.003472,12.803
LITUSDT,-0.025694,3.6284
MUBARAKUSDT,0.031944,0.07585
MUUUSDT,-0.016667,33.76
NEARUSDT,0.025,4.883
NILUSDT,0.022917,0.08382
ONEUSDT,0.036806,0.0020995
PENGUUSDT,-0.010417,0.008201
PUMPUSDT,0.000694,0.005457
QNTUSDT,0.046528,248.08
SNXXUSDT,-0.022917,13.75
SOLUSDT,-0.002778,109.07
SUIUSDT,0.000694,1.0692
TAOUSDT,-0.007639,274.91
TRUMPUSDT,-0.027778,1.886
USELESSUSDT,-0.013194,0.18533
USUSDT,0.002778,0.032507
WLDUSDT,-0.00625,0.5071
XLMUSDT,-0.000694,0.19453
XPLUSDT,-0.017361,0.08463
ZECUSDT,-0.005556,1205.26
ZROUSDT,0.027778,1.9551
龙虾USDT,0.009028,0.04603
