week,rank,symbol
2026-09-28,1,ZECUSDT
2026-09-28,2,SOLUSDT
2026-09-28,3,NEARUSDT
2026-09-28,4,HYPEUSDT
2026-09-28,5,DOGEUSDT
2026-09-28,6,UNIUSDT
2026-09-28,7,SUIUSDT
2026-09-28,8,BNBUSDT
2026-09-28,9,ENAUSDT
2026-09-28,10,KORUUSDT
2026-09-28,11,1000PEPEUSDT
2026-09-28,12,WLDUSDT
2026-09-28,13,SNXXUSDT
2026-09-28,14,TAOUSDT
2026-09-28,15,ADAUSDT
2026-09-28,16,LINKUSDT
2026-09-28,17,AVAXUSDT
2026-09-28,18,ARBUSDT
2026-09-28,19,BRUSDT
2026-09-28,20,AKEUSDT
2026-09-28,21,BCHUSDT
2026-09-28,22,ONEUSDT
2026-09-28,23,ONDOUSDT
2026-09-28,24,FILUSDT
2026-09-28,25,PUMPUSDT
2026-09-28,26,龙虾USDT
2026-09-28,27,AAVEUSDT
2026-09-28,28,TRUMPUSDT
2026-09-28,29,LSKUSDT
2026-09-28,30,XLMUSDT
2026-09-28,31,DASHUSDT
2026-09-28,32,PENGUUSDT
2026-09-28,33,INJUSDT
2026-09-28,34,SAGAUSDT
2026-09-28,35,BTWUSDT
2026-09-28,36,LITUSDT
2026-09-28,37,XPLUSDT
2026-09-28,38,USELESSUSDT
2026-09-28,39,DOTUSDT
2026-09-28,40,ASTERUSDT
2026-09-28,41,FETUSDT
2026-09-28,42,APTUSDT
2026-09-28,43,MUBARAKUSDT
2026-09-28,44,VVVUSDT
2026-09-28,45,XMRUSDT
2026-09-28,46,OPUSDT
2026-09-28,47,MUUUSDT
2026-09-28,48,HBARUSDT
2026-09-28,49,ETCUSDT
2026-09-28,50,1000SHIBUSDT
