hour_utc,symbol,held_weight,computed_utc
2026-10-07 00:00,1000PEPEUSDT,-0.000694,2026-10-08 09:21
2026-10-07 00:00,1000SHIBUSDT,-0.004167,2026-10-08 09:21
2026-10-07 00:00,AKEUSDT,0.013889,2026-10-08 09:21
2026-10-07 00:00,APTUSDT,-0.003472,2026-10-08 09:21
2026-10-07 00:00,ARBUSDT,0.000694,2026-10-08 09:21
2026-10-07 00:00,ASTERUSDT,-0.011806,2026-10-08 09:21
2026-10-07 00:00,BCHUSDT,-0.002083,2026-10-08 09:21
2026-10-07 00:00,BNBUSDT,-0.010417,2026-10-08 09:21
2026-10-07 00:00,BRUSDT,0.011111,2026-10-08 09:21
2026-10-07 00:00,BTWUSDT,0.013889,2026-10-08 09:21
2026-10-07 00:00,DASHUSDT,-0.013194,2026-10-08 09:21
2026-10-07 00:00,DOGEUSDT,-0.004167,2026-10-08 09:21
2026-10-07 00:00,ENAUSDT,0.002778,2026-10-08 09:21
2026-10-07 00:00,ETCUSDT,-0.002778,2026-10-08 09:21
2026-10-07 00:00,HYPEUSDT,-0.000694,2026-10-08 09:21
2026-10-07 00:00,ICPUSDT,0.002083,2026-10-08 09:21
2026-10-07 00:00,INJUSDT,0.002778,2026-10-08 09:21
2026-10-07 00:00,KORUUSDT,-0.006944,2026-10-08 09:21
2026-10-07 00:00,LINKUSDT,-0.001389,2026-10-08 09:21
2026-10-07 00:00,LITUSDT,-0.007639,2026-10-08 09:21
2026-10-07 00:00,MUBARAKUSDT,0.011806,2026-10-08 09:21
2026-10-07 00:00,MUUUSDT,-0.007639,2026-10-08 09:21
2026-10-07 00:00,NEARUSDT,0.0125,2026-10-08 09:21
2026-10-07 00:00,NILUSDT,0.009722,2026-10-08 09:21
2026-10-07 00:00,ONDOUSDT,-0.002083,2026-10-08 09:21
2026-10-07 00:00,ONEUSDT,0.013194,2026-10-08 09:21
2026-10-07 00:00,PENGUUSDT,-0.002778,2026-10-08 09:21
2026-10-07 00:00,PUMPUSDT,0.001389,2026-10-08 09:21
2026-10-07 00:00,QNTUSDT,0.016667,2026-10-08 09:21
2026-10-07 00:00,SNXXUSDT,-0.008333,2026-10-08 09:21
2026-10-07 00:00,SOLUSDT,-0.002083,2026-10-08 09:21
2026-10-07 00:00,TRUMPUSDT,-0.0125,2026-10-08 09:21
2026-10-07 00:00,UNIUSDT,0.000694,2026-10-08 09:21
2026-10-07 00:00,USELESSUSDT,-0.005556,2026-10-08 09:21
2026-10-07 00:00,USUSDT,-0.004861,2026-10-08 09:21
2026-10-07 00:00,XPLUSDT,-0.007639,2026-10-08 09:21
2026-10-07 00:00,ZECUSDT,0.001389,2026-10-08 09:21
2026-10-07 00:00,ZROUSDT,0.011111,2026-10-08 09:21
2026-10-07 00:00,龙虾USDT,-0.002778,2026-10-08 09:21
2026-10-07 01:00,1000PEPEUSDT,-0.000694,2026-10-08 09:21
2026-10-07 01:00,1000SHIBUSDT,-0.004167,2026-10-08 09:21
2026-10-07 01:00,AKEUSDT,0.014583,2026-10-08 09:21
2026-10-07 01:00,APTUSDT,-0.003472,2026-10-08 09:21
2026-10-07 01:00,ARBUSDT,0.000694,2026-10-08 09:21
2026-10-07 01:00,ASTERUSDT,-0.0125,2026-10-08 09:21
2026-10-07 01:00,BCHUSDT,-0.002083,2026-10-08 09:21
2026-10-07 01:00,BNBUSDT,-0.011111,2026-10-08 09:21
2026-10-07 01:00,BRUSDT,0.011806,2026-10-08 09:21
2026-10-07 01:00,BTWUSDT,0.014583,2026-10-08 09:21
2026-10-07 01:00,DASHUSDT,-0.013889,2026-10-08 09:21
2026-10-07 01:00,DOGEUSDT,-0.004861,2026-10-08 09:21
2026-10-07 01:00,ENAUSDT,0.002778,2026-10-08 09:21
2026-10-07 01:00,ETCUSDT,-0.002778,2026-10-08 09:21
2026-10-07 01:00,HYPEUSDT,-0.001389,2026-10-08 09:21
2026-10-07 01:00,ICPUSDT,0.002083,2026-10-08 09:21
2026-10-07 01:00,INJUSDT,0.002778,2026-10-08 09:21
2026-10-07 01:00,KORUUSDT,-0.007639,2026-10-08 09:21
2026-10-07 01:00,LINKUSDT,-0.001389,2026-10-08 09:21
2026-10-07 01:00,LITUSDT,-0.008333,2026-10-08 09:21
2026-10-07 01:00,MUBARAKUSDT,0.0125,2026-10-08 09:21
2026-10-07 01:00,MUUUSDT,-0.008333,2026-10-08 09:21
2026-10-07 01:00,NEARUSDT,0.013194,2026-10-08 09:21
2026-10-07 01:00,NILUSDT,0.010417,2026-10-08 09:21
2026-10-07 01:00,ONDOUSDT,-0.002083,2026-10-08 09:21
2026-10-07 01:00,ONEUSDT,0.013889,2026-10-08 09:21
2026-10-07 01:00,PENGUUSDT,-0.002778,2026-10-08 09:21
2026-10-07 01:00,PUMPUSDT,0.001389,2026-10-08 09:21
2026-10-07 01:00,QNTUSDT,0.017361,2026-10-08 09:21
2026-10-07 01:00,SNXXUSDT,-0.009028,2026-10-08 09:21
2026-10-07 01:00,SOLUSDT,-0.002083,2026-10-08 09:21
2026-10-07 01:00,TRUMPUSDT,-0.013194,2026-10-08 09:21
2026-10-07 01:00,UNIUSDT,0.000694,2026-10-08 09:21
2026-10-07 01:00,USELESSUSDT,-0.005556,2026-10-08 09:21
2026-10-07 01:00,USUSDT,-0.004861,2026-10-08 09:21
2026-10-07 01:00,XPLUSDT,-0.007639,2026-10-08 09:21
2026-10-07 01:00,ZECUSDT,0.001389,2026-10-08 09:21
2026-10-07 01:00,ZROUSDT,0.011806,2026-10-08 09:21
2026-10-07 01:00,龙虾USDT,-0.002083,2026-10-08 09:21
2026-10-07 02:00,1000PEPEUSDT,-0.000694,2026-10-08 09:21
2026-10-07 02:00,1000SHIBUSDT,-0.004167,2026-10-08 09:21
2026-10-07 02:00,AKEUSDT,0.015278,2026-10-08 09:21
2026-10-07 02:00,APTUSDT,-0.002778,2026-10-08 09:21
2026-10-07 02:00,ARBUSDT,0.000694,2026-10-08 09:21
2026-10-07 02:00,ASTERUSDT,-0.0125,2026-10-08 09:21
2026-10-07 02:00,BCHUSDT,-0.002083,2026-10-08 09:21
2026-10-07 02:00,BNBUSDT,-0.011111,2026-10-08 09:21
2026-10-07 02:00,BRUSDT,0.0125,2026-10-08 09:21
2026-10-07 02:00,BTWUSDT,0.013889,2026-10-08 09:21
2026-10-07 02:00,DASHUSDT,-0.013889,2026-10-08 09:21
2026-10-07 02:00,DOGEUSDT,-0.004861,2026-10-08 09:21
2026-10-07 02:00,DOTUSDT,0.000694,2026-10-08 09:21
2026-10-07 02:00,ENAUSDT,0.002083,2026-10-08 09:21
2026-10-07 02:00,ETCUSDT,-0.002778,2026-10-08 09:21
2026-10-07 02:00,FETUSDT,0.000694,2026-10-08 09:21
2026-10-07 02:00,HBARUSDT,0.000694,2026-10-08 09:21
2026-10-07 02:00,HYPEUSDT,-0.001389,2026-10-08 09:21
2026-10-07 02:00,ICPUSDT,0.002778,2026-10-08 09:21
2026-10-07 02:00,INJUSDT,0.002778,2026-10-08 09:21
2026-10-07 02:00,KORUUSDT,-0.008333,2026-10-08 09:21
2026-10-07 02:00,LINKUSDT,-0.001389,2026-10-08 09:21
2026-10-07 02:00,LITUSDT,-0.009028,2026-10-08 09:21
2026-10-07 02:00,MUBARAKUSDT,0.0125,2026-10-08 09:21
2026-10-07 02:00,MUUUSDT,-0.009028,2026-10-08 09:21
2026-10-07 02:00,NEARUSDT,0.0125,2026-10-08 09:21
2026-10-07 02:00,NILUSDT,0.010417,2026-10-08 09:21
2026-10-07 02:00,ONDOUSDT,-0.001389,2026-10-08 09:21
2026-10-07 02:00,ONEUSDT,0.014583,2026-10-08 09:21
2026-10-07 02:00,PENGUUSDT,-0.002778,2026-10-08 09:21
2026-10-07 02:00,PUMPUSDT,0.001389,2026-10-08 09:21
2026-10-07 02:00,QNTUSDT,0.017361,2026-10-08 09:21
2026-10-07 02:00,SNXXUSDT,-0.009722,2026-10-08 09:21
2026-10-07 02:00,SOLUSDT,-0.002083,2026-10-08 09:21
2026-10-07 02:00,TRUMPUSDT,-0.013194,2026-10-08 09:21
2026-10-07 02:00,UNIUSDT,0.000694,2026-10-08 09:21
2026-10-07 02:00,USELESSUSDT,-0.00625,2026-10-08 09:21
2026-10-07 02:00,USUSDT,-0.005556,2026-10-08 09:21
2026-10-07 02:00,XPLUSDT,-0.006944,2026-10-08 09:21
2026-10-07 02:00,ZECUSDT,0.001389,2026-10-08 09:21
2026-10-07 02:00,ZROUSDT,0.011806,2026-10-08 09:21
2026-10-07 02:00,龙虾USDT,-0.002778,2026-10-08 09:21
2026-10-07 03:00,1000SHIBUSDT,-0.004167,2026-10-08 09:21
2026-10-07 03:00,ADAUSDT,0.000694,2026-10-08 09:21
2026-10-07 03:00,AKEUSDT,0.015278,2026-10-08 09:21
2026-10-07 03:00,APTUSDT,-0.002778,2026-10-08 09:21
2026-10-07 03:00,ARBUSDT,0.001389,2026-10-08 09:21
2026-10-07 03:00,ASTERUSDT,-0.011806,2026-10-08 09:21
2026-10-07 03:00,BCHUSDT,-0.002083,2026-10-08 09:21
2026-10-07 03:00,BNBUSDT,-0.011111,2026-10-08 09:21
2026-10-07 03:00,BRUSDT,0.011806,2026-10-08 09:21
2026-10-07 03:00,BTWUSDT,0.014583,2026-10-08 09:21
2026-10-07 03:00,DASHUSDT,-0.013889,2026-10-08 09:21
2026-10-07 03:00,DOGEUSDT,-0.004861,2026-10-08 09:21
2026-10-07 03:00,DOTUSDT,0.000694,2026-10-08 09:21
2026-10-07 03:00,ENAUSDT,0.002083,2026-10-08 09:21
2026-10-07 03:00,ETCUSDT,-0.002778,2026-10-08 09:21
2026-10-07 03:00,FETUSDT,0.000694,2026-10-08 09:21
2026-10-07 03:00,HBARUSDT,0.000694,2026-10-08 09:21
2026-10-07 03:00,HYPEUSDT,-0.001389,2026-10-08 09:21
2026-10-07 03:00,ICPUSDT,0.002778,2026-10-08 09:21
2026-10-07 03:00,INJUSDT,0.002083,2026-10-08 09:21
2026-10-07 03:00,KORUUSDT,-0.009028,2026-10-08 09:21
2026-10-07 03:00,LINKUSDT,-0.001389,2026-10-08 09:21
2026-10-07 03:00,LITUSDT,-0.009722,2026-10-08 09:21
2026-10-07 03:00,MUBARAKUSDT,0.013194,2026-10-08 09:21
2026-10-07 03:00,MUUUSDT,-0.009722,2026-10-08 09:21
2026-10-07 03:00,NEARUSDT,0.011806,2026-10-08 09:21
2026-10-07 03:00,NILUSDT,0.010417,2026-10-08 09:21
2026-10-07 03:00,ONDOUSDT,-0.000694,2026-10-08 09:21
2026-10-07 03:00,ONEUSDT,0.015278,2026-10-08 09:21
2026-10-07 03:00,PENGUUSDT,-0.002778,2026-10-08 09:21
2026-10-07 03:00,PUMPUSDT,0.001389,2026-10-08 09:21
2026-10-07 03:00,QNTUSDT,0.018056,2026-10-08 09:21
2026-10-07 03:00,SNXXUSDT,-0.010417,2026-10-08 09:21
2026-10-07 03:00,SOLUSDT,-0.002083,2026-10-08 09:21
2026-10-07 03:00,SUIUSDT,-0.000694,2026-10-08 09:21
2026-10-07 03:00,TRUMPUSDT,-0.013194,2026-10-08 09:21
2026-10-07 03:00,UNIUSDT,0.001389,2026-10-08 09:21
2026-10-07 03:00,USELESSUSDT,-0.00625,2026-10-08 09:21
2026-10-07 03:00,USUSDT,-0.00625,2026-10-08 09:21
2026-10-07 03:00,XPLUSDT,-0.006944,2026-10-08 09:21
2026-10-07 03:00,ZECUSDT,0.001389,2026-10-08 09:21
2026-10-07 03:00,ZROUSDT,0.011806,2026-10-08 09:21
2026-10-07 03:00,龙虾USDT,-0.003472,2026-10-08 09:21
2026-10-07 04:00,1000PEPEUSDT,0.000694,2026-10-08 09:21
2026-10-07 04:00,1000SHIBUSDT,-0.004167,2026-10-08 09:21
2026-10-07 04:00,ADAUSDT,0.000694,2026-10-08 09:21
2026-10-07 04:00,AKEUSDT,0.015278,2026-10-08 09:21
2026-10-07 04:00,APTUSDT,-0.003472,2026-10-08 09:21
2026-10-07 04:00,ARBUSDT,0.002083,2026-10-08 09:21
2026-10-07 04:00,ASTERUSDT,-0.011806,2026-10-08 09:21
2026-10-07 04:00,BCHUSDT,-0.002083,2026-10-08 09:21
2026-10-07 04:00,BNBUSDT,-0.011111,2026-10-08 09:21
2026-10-07 04:00,BRUSDT,0.011806,2026-10-08 09:21
2026-10-07 04:00,BTWUSDT,0.015278,2026-10-08 09:21
2026-10-07 04:00,DASHUSDT,-0.013889,2026-10-08 09:21
2026-10-07 04:00,DOGEUSDT,-0.004861,2026-10-08 09:21
2026-10-07 04:00,ENAUSDT,0.002083,2026-10-08 09:21
2026-10-07 04:00,ETCUSDT,-0.002778,2026-10-08 09:21
2026-10-07 04:00,FETUSDT,0.000694,2026-10-08 09:21
2026-10-07 04:00,HBARUSDT,0.000694,2026-10-08 09:21
2026-10-07 04:00,HYPEUSDT,-0.001389,2026-10-08 09:21
2026-10-07 04:00,ICPUSDT,0.002083,2026-10-08 09:21
2026-10-07 04:00,INJUSDT,0.001389,2026-10-08 09:21
2026-10-07 04:00,KORUUSDT,-0.009722,2026-10-08 09:21
2026-10-07 04:00,LINKUSDT,-0.001389,2026-10-08 09:21
2026-10-07 04:00,LITUSDT,-0.010417,2026-10-08 09:21
2026-10-07 04:00,MUBARAKUSDT,0.013889,2026-10-08 09:21
2026-10-07 04:00,MUUUSDT,-0.010417,2026-10-08 09:21
2026-10-07 04:00,NEARUSDT,0.011806,2026-10-08 09:21
2026-10-07 04:00,NILUSDT,0.010417,2026-10-08 09:21
2026-10-07 04:00,ONDOUSDT,-0.000694,2026-10-08 09:21
2026-10-07 04:00,ONEUSDT,0.015278,2026-10-08 09:21
2026-10-07 04:00,PENGUUSDT,-0.002778,2026-10-08 09:21
2026-10-07 04:00,PUMPUSDT,0.001389,2026-10-08 09:21
2026-10-07 04:00,QNTUSDT,0.01875,2026-10-08 09:21
2026-10-07 04:00,SNXXUSDT,-0.011111,2026-10-08 09:21
2026-10-07 04:00,SOLUSDT,-0.002083,2026-10-08 09:21
2026-10-07 04:00,SUIUSDT,-0.001389,2026-10-08 09:21
2026-10-07 04:00,TRUMPUSDT,-0.013194,2026-10-08 09:21
2026-10-07 04:00,UNIUSDT,0.002083,2026-10-08 09:21
2026-10-07 04:00,USELESSUSDT,-0.005556,2026-10-08 09:21
2026-10-07 04:00,USUSDT,-0.00625,2026-10-08 09:21
2026-10-07 04:00,XPLUSDT,-0.007639,2026-10-08 09:21
2026-10-07 04:00,ZECUSDT,0.002083,2026-10-08 09:21
2026-10-07 04:00,ZROUSDT,0.0125,2026-10-08 09:21
2026-10-07 04:00,龙虾USDT,-0.002778,2026-10-08 09:21
2026-10-07 05:00,1000PEPEUSDT,0.000694,2026-10-08 09:21
2026-10-07 05:00,1000SHIBUSDT,-0.004167,2026-10-08 09:21
2026-10-07 05:00,ADAUSDT,0.000694,2026-10-08 09:21
2026-10-07 05:00,AKEUSDT,0.015972,2026-10-08 09:21
2026-10-07 05:00,APTUSDT,-0.004167,2026-10-08 09:21
2026-10-07 05:00,ARBUSDT,0.002083,2026-10-08 09:21
2026-10-07 05:00,ASTERUSDT,-0.0125,2026-10-08 09:21
2026-10-07 05:00,BCHUSDT,-0.001389,2026-10-08 09:21
2026-10-07 05:00,BNBUSDT,-0.011806,2026-10-08 09:21
2026-10-07 05:00,BRUSDT,0.0125,2026-10-08 09:21
2026-10-07 05:00,BTWUSDT,0.015972,2026-10-08 09:21
2026-10-07 05:00,DASHUSDT,-0.014583,2026-10-08 09:21
2026-10-07 05:00,DOGEUSDT,-0.004861,2026-10-08 09:21
2026-10-07 05:00,ENAUSDT,0.002083,2026-10-08 09:21
2026-10-07 05:00,ETCUSDT,-0.002778,2026-10-08 09:21
2026-10-07 05:00,HBARUSDT,0.000694,2026-10-08 09:21
2026-10-07 05:00,HYPEUSDT,-0.001389,2026-10-08 09:21
2026-10-07 05:00,ICPUSDT,0.002083,2026-10-08 09:21
2026-10-07 05:00,INJUSDT,0.001389,2026-10-08 09:21
2026-10-07 05:00,KORUUSDT,-0.009722,2026-10-08 09:21
2026-10-07 05:00,LINKUSDT,-0.001389,2026-10-08 09:21
2026-10-07 05:00,LITUSDT,-0.010417,2026-10-08 09:21
2026-10-07 05:00,MUBARAKUSDT,0.014583,2026-10-08 09:21
2026-10-07 05:00,MUUUSDT,-0.011111,2026-10-08 09:21
2026-10-07 05:00,NEARUSDT,0.0125,2026-10-08 09:21
2026-10-07 05:00,NILUSDT,0.010417,2026-10-08 09:21
2026-10-07 05:00,ONDOUSDT,-0.001389,2026-10-08 09:21
2026-10-07 05:00,ONEUSDT,0.015972,2026-10-08 09:21
2026-10-07 05:00,PENGUUSDT,-0.002778,2026-10-08 09:21
2026-10-07 05:00,PUMPUSDT,0.001389,2026-10-08 09:21
2026-10-07 05:00,QNTUSDT,0.019444,2026-10-08 09:21
2026-10-07 05:00,SNXXUSDT,-0.011111,2026-10-08 09:21
2026-10-07 05:00,SOLUSDT,-0.002778,2026-10-08 09:21
2026-10-07 05:00,SUIUSDT,-0.001389,2026-10-08 09:21
2026-10-07 05:00,TRUMPUSDT,-0.013194,2026-10-08 09:21
2026-10-07 05:00,UNIUSDT,0.002083,2026-10-08 09:21
2026-10-07 05:00,USELESSUSDT,-0.00625,2026-10-08 09:21
2026-10-07 05:00,USUSDT,-0.005556,2026-10-08 09:21
2026-10-07 05:00,XPLUSDT,-0.008333,2026-10-08 09:21
2026-10-07 05:00,ZECUSDT,0.002083,2026-10-08 09:21
2026-10-07 05:00,ZROUSDT,0.013194,2026-10-08 09:21
2026-10-07 05:00,龙虾USDT,-0.002778,2026-10-08 09:21
2026-10-07 06:00,1000SHIBUSDT,-0.004167,2026-10-08 09:21
2026-10-07 06:00,ADAUSDT,0.000694,2026-10-08 09:21
2026-10-07 06:00,AKEUSDT,0.016667,2026-10-08 09:21
2026-10-07 06:00,APTUSDT,-0.004167,2026-10-08 09:21
2026-10-07 06:00,ARBUSDT,0.001389,2026-10-08 09:21
2026-10-07 06:00,ASTERUSDT,-0.013194,2026-10-08 09:21
2026-10-07 06:00,BCHUSDT,-0.001389,2026-10-08 09:21
2026-10-07 06:00,BNBUSDT,-0.0125,2026-10-08 09:21
2026-10-07 06:00,BRUSDT,0.013194,2026-10-08 09:21
2026-10-07 06:00,BTWUSDT,0.016667,2026-10-08 09:21
2026-10-07 06:00,DASHUSDT,-0.015278,2026-10-08 09:21
2026-10-07 06:00,DOGEUSDT,-0.004861,2026-10-08 09:21
2026-10-07 06:00,DOTUSDT,-0.000694,2026-10-08 09:21
2026-10-07 06:00,ENAUSDT,0.002778,2026-10-08 09:21
2026-10-07 06:00,ETCUSDT,-0.003472,2026-10-08 09:21
2026-10-07 06:00,HBARUSDT,0.000694,2026-10-08 09:21
2026-10-07 06:00,HYPEUSDT,-0.001389,2026-10-08 09:21
2026-10-07 06:00,ICPUSDT,0.002083,2026-10-08 09:21
2026-10-07 06:00,INJUSDT,0.001389,2026-10-08 09:21
2026-10-07 06:00,KORUUSDT,-0.009722,2026-10-08 09:21
2026-10-07 06:00,LINKUSDT,-0.001389,2026-10-08 09:21
2026-10-07 06:00,LITUSDT,-0.009722,2026-10-08 09:21
2026-10-07 06:00,MUBARAKUSDT,0.014583,2026-10-08 09:21
2026-10-07 06:00,MUUUSDT,-0.011111,2026-10-08 09:21
2026-10-07 06:00,NEARUSDT,0.013194,2026-10-08 09:21
2026-10-07 06:00,NILUSDT,0.011111,2026-10-08 09:21
2026-10-07 06:00,ONDOUSDT,-0.001389,2026-10-08 09:21
2026-10-07 06:00,ONEUSDT,0.015972,2026-10-08 09:21
2026-10-07 06:00,PENGUUSDT,-0.002778,2026-10-08 09:21
2026-10-07 06:00,PUMPUSDT,0.001389,2026-10-08 09:21
2026-10-07 06:00,QNTUSDT,0.020139,2026-10-08 09:21
2026-10-07 06:00,SNXXUSDT,-0.011806,2026-10-08 09:21
2026-10-07 06:00,SOLUSDT,-0.002778,2026-10-08 09:21
2026-10-07 06:00,SUIUSDT,-0.001389,2026-10-08 09:21
2026-10-07 06:00,TRUMPUSDT,-0.013889,2026-10-08 09:21
2026-10-07 06:00,UNIUSDT,0.002083,2026-10-08 09:21
2026-10-07 06:00,USELESSUSDT,-0.00625,2026-10-08 09:21
2026-10-07 06:00,USUSDT,-0.005556,2026-10-08 09:21
2026-10-07 06:00,XPLUSDT,-0.009028,2026-10-08 09:21
2026-10-07 06:00,ZECUSDT,0.002083,2026-10-08 09:21
2026-10-07 06:00,ZROUSDT,0.013889,2026-10-08 09:21
2026-10-07 06:00,龙虾USDT,-0.002083,2026-10-08 09:21
2026-10-07 07:00,1000SHIBUSDT,-0.004167,2026-10-08 09:21
2026-10-07 07:00,ADAUSDT,0.000694,2026-10-08 09:21
2026-10-07 07:00,AKEUSDT,0.017361,2026-10-08 09:21
2026-10-07 07:00,APTUSDT,-0.003472,2026-10-08 09:21
2026-10-07 07:00,ARBUSDT,0.000694,2026-10-08 09:21
2026-10-07 07:00,ASTERUSDT,-0.013194,2026-10-08 09:21
2026-10-07 07:00,BCHUSDT,-0.001389,2026-10-08 09:21
2026-10-07 07:00,BNBUSDT,-0.0125,2026-10-08 09:21
2026-10-07 07:00,BRUSDT,0.013889,2026-10-08 09:21
2026-10-07 07:00,BTWUSDT,0.017361,2026-10-08 09:21
2026-10-07 07:00,DASHUSDT,-0.015972,2026-10-08 09:21
2026-10-07 07:00,DOGEUSDT,-0.004861,2026-10-08 09:21
2026-10-07 07:00,DOTUSDT,-0.000694,2026-10-08 09:21
2026-10-07 07:00,ENAUSDT,0.002778,2026-10-08 09:21
2026-10-07 07:00,ETCUSDT,-0.004167,2026-10-08 09:21
2026-10-07 07:00,FETUSDT,0.000694,2026-10-08 09:21
2026-10-07 07:00,HBARUSDT,0.000694,2026-10-08 09:21
2026-10-07 07:00,HYPEUSDT,-0.001389,2026-10-08 09:21
2026-10-07 07:00,ICPUSDT,0.002083,2026-10-08 09:21
2026-10-07 07:00,INJUSDT,0.001389,2026-10-08 09:21
2026-10-07 07:00,KORUUSDT,-0.010417,2026-10-08 09:21
2026-10-07 07:00,LINKUSDT,-0.001389,2026-10-08 09:21
2026-10-07 07:00,LITUSDT,-0.009722,2026-10-08 09:21
2026-10-07 07:00,MUBARAKUSDT,0.015278,2026-10-08 09:21
2026-10-07 07:00,MUUUSDT,-0.011806,2026-10-08 09:21
2026-10-07 07:00,NEARUSDT,0.013889,2026-10-08 09:21
2026-10-07 07:00,NILUSDT,0.011806,2026-10-08 09:21
2026-10-07 07:00,ONDOUSDT,-0.001389,2026-10-08 09:21
2026-10-07 07:00,ONEUSDT,0.016667,2026-10-08 09:21
2026-10-07 07:00,PENGUUSDT,-0.003472,2026-10-08 09:21
2026-10-07 07:00,PUMPUSDT,0.001389,2026-10-08 09:21
2026-10-07 07:00,QNTUSDT,0.020833,2026-10-08 09:21
2026-10-07 07:00,SNXXUSDT,-0.0125,2026-10-08 09:21
2026-10-07 07:00,SOLUSDT,-0.002778,2026-10-08 09:21
2026-10-07 07:00,SUIUSDT,-0.001389,2026-10-08 09:21
2026-10-07 07:00,TRUMPUSDT,-0.014583,2026-10-08 09:21
2026-10-07 07:00,UNIUSDT,0.002083,2026-10-08 09:21
2026-10-07 07:00,USELESSUSDT,-0.006944,2026-10-08 09:21
2026-10-07 07:00,USUSDT,-0.00625,2026-10-08 09:21
2026-10-07 07:00,XPLUSDT,-0.009028,2026-10-08 09:21
2026-10-07 07:00,ZECUSDT,0.002083,2026-10-08 09:21
2026-10-07 07:00,ZROUSDT,0.013889,2026-10-08 09:21
2026-10-07 07:00,龙虾USDT,-0.002083,2026-10-08 09:21
2026-10-07 08:00,1000SHIBUSDT,-0.004861,2026-10-08 09:21
2026-10-07 08:00,ADAUSDT,0.000694,2026-10-08 09:21
2026-10-07 08:00,AKEUSDT,0.018056,2026-10-08 09:21
2026-10-07 08:00,APTUSDT,-0.003472,2026-10-08 09:21
2026-10-07 08:00,ARBUSDT,0.000694,2026-10-08 09:21
2026-10-07 08:00,ASTERUSDT,-0.013889,2026-10-08 09:21
2026-10-07 08:00,BCHUSDT,-0.001389,2026-10-08 09:21
2026-10-07 08:00,BNBUSDT,-0.0125,2026-10-08 09:21
2026-10-07 08:00,BRUSDT,0.014583,2026-10-08 09:21
2026-10-07 08:00,BTWUSDT,0.018056,2026-10-08 09:21
2026-10-07 08:00,DASHUSDT,-0.016667,2026-10-08 09:21
2026-10-07 08:00,DOGEUSDT,-0.005556,2026-10-08 09:21
2026-10-07 08:00,DOTUSDT,-0.000694,2026-10-08 09:21
2026-10-07 08:00,ENAUSDT,0.002778,2026-10-08 09:21
2026-10-07 08:00,ETCUSDT,-0.004167,2026-10-08 09:21
2026-10-07 08:00,FETUSDT,0.000694,2026-10-08 09:21
2026-10-07 08:00,HBARUSDT,0.000694,2026-10-08 09:21
2026-10-07 08:00,HYPEUSDT,-0.001389,2026-10-08 09:21
2026-10-07 08:00,ICPUSDT,0.002083,2026-10-08 09:21
2026-10-07 08:00,INJUSDT,0.002083,2026-10-08 09:21
2026-10-07 08:00,KORUUSDT,-0.011111,2026-10-08 09:21
2026-10-07 08:00,LINKUSDT,-0.001389,2026-10-08 09:21
2026-10-07 08:00,LITUSDT,-0.010417,2026-10-08 09:21
2026-10-07 08:00,MUBARAKUSDT,0.015972,2026-10-08 09:21
2026-10-07 08:00,MUUUSDT,-0.011806,2026-10-08 09:21
2026-10-07 08:00,NEARUSDT,0.014583,2026-10-08 09:21
2026-10-07 08:00,NILUSDT,0.0125,2026-10-08 09:21
2026-10-07 08:00,ONDOUSDT,-0.001389,2026-10-08 09:21
2026-10-07 08:00,ONEUSDT,0.017361,2026-10-08 09:21
2026-10-07 08:00,PENGUUSDT,-0.004167,2026-10-08 09:21
2026-10-07 08:00,PUMPUSDT,0.001389,2026-10-08 09:21
2026-10-07 08:00,QNTUSDT,0.021528,2026-10-08 09:21
2026-10-07 08:00,SNXXUSDT,-0.0125,2026-10-08 09:21
2026-10-07 08:00,SOLUSDT,-0.002778,2026-10-08 09:21
2026-10-07 08:00,SUIUSDT,-0.001389,2026-10-08 09:21
2026-10-07 08:00,TRUMPUSDT,-0.015278,2026-10-08 09:21
2026-10-07 08:00,UNIUSDT,0.002083,2026-10-08 09:21
2026-10-07 08:00,USELESSUSDT,-0.007639,2026-10-08 09:21
2026-10-07 08:00,USUSDT,-0.00625,2026-10-08 09:21
2026-10-07 08:00,XPLUSDT,-0.009028,2026-10-08 09:21
2026-10-07 08:00,ZECUSDT,0.001389,2026-10-08 09:21
2026-10-07 08:00,ZROUSDT,0.014583,2026-10-08 09:21
2026-10-07 08:00,龙虾USDT,-0.002083,2026-10-08 09:21
2026-10-07 09:00,1000SHIBUSDT,-0.005556,2026-10-08 09:21
2026-10-07 09:00,ADAUSDT,0.000694,2026-10-08 09:21
2026-10-07 09:00,AKEUSDT,0.01875,2026-10-08 09:21
2026-10-07 09:00,APTUSDT,-0.003472,2026-10-08 09:21
2026-10-07 09:00,ARBUSDT,0.001389,2026-10-08 09:21
2026-10-07 09:00,ASTERUSDT,-0.013889,2026-10-08 09:21
2026-10-07 09:00,BCHUSDT,-0.000694,2026-10-08 09:21
2026-10-07 09:00,BNBUSDT,-0.0125,2026-10-08 09:21
2026-10-07 09:00,BRUSDT,0.014583,2026-10-08 09:21
2026-10-07 09:00,BTWUSDT,0.017361,2026-10-08 09:21
2026-10-07 09:00,DASHUSDT,-0.016667,2026-10-08 09:21
2026-10-07 09:00,DOGEUSDT,-0.005556,2026-10-08 09:21
2026-10-07 09:00,DOTUSDT,-0.000694,2026-10-08 09:21
2026-10-07 09:00,ENAUSDT,0.002778,2026-10-08 09:21
2026-10-07 09:00,ETCUSDT,-0.004167,2026-10-08 09:21
2026-10-07 09:00,FETUSDT,0.000694,2026-10-08 09:21
2026-10-07 09:00,HBARUSDT,0.000694,2026-10-08 09:21
2026-10-07 09:00,HYPEUSDT,-0.001389,2026-10-08 09:21
2026-10-07 09:00,ICPUSDT,0.002083,2026-10-08 09:21
2026-10-07 09:00,INJUSDT,0.002083,2026-10-08 09:21
2026-10-07 09:00,KORUUSDT,-0.011111,2026-10-08 09:21
2026-10-07 09:00,LINKUSDT,-0.002083,2026-10-08 09:21
2026-10-07 09:00,LITUSDT,-0.011111,2026-10-08 09:21
2026-10-07 09:00,MUBARAKUSDT,0.016667,2026-10-08 09:21
2026-10-07 09:00,MUUUSDT,-0.011806,2026-10-08 09:21
2026-10-07 09:00,NEARUSDT,0.015278,2026-10-08 09:21
2026-10-07 09:00,NILUSDT,0.0125,2026-10-08 09:21
2026-10-07 09:00,ONDOUSDT,-0.001389,2026-10-08 09:21
2026-10-07 09:00,ONEUSDT,0.018056,2026-10-08 09:21
2026-10-07 09:00,PENGUUSDT,-0.004167,2026-10-08 09:21
2026-10-07 09:00,PUMPUSDT,0.001389,2026-10-08 09:21
2026-10-07 09:00,QNTUSDT,0.022222,2026-10-08 09:21
2026-10-07 09:00,SNXXUSDT,-0.011806,2026-10-08 09:21
2026-10-07 09:00,SOLUSDT,-0.003472,2026-10-08 09:21
2026-10-07 09:00,SUIUSDT,-0.001389,2026-10-08 09:21
2026-10-07 09:00,TAOUSDT,-0.000694,2026-10-08 09:21
2026-10-07 09:00,TRUMPUSDT,-0.015278,2026-10-08 09:21
2026-10-07 09:00,UNIUSDT,0.001389,2026-10-08 09:21
2026-10-07 09:00,USELESSUSDT,-0.008333,2026-10-08 09:21
2026-10-07 09:00,USUSDT,-0.005556,2026-10-08 09:21
2026-10-07 09:00,XPLUSDT,-0.009028,2026-10-08 09:21
2026-10-07 09:00,ZECUSDT,0.000694,2026-10-08 09:21
2026-10-07 09:00,ZROUSDT,0.015278,2026-10-08 09:21
2026-10-07 09:00,龙虾USDT,-0.002778,2026-10-08 09:21
2026-10-07 10:00,1000PEPEUSDT,0.000694,2026-10-08 09:21
2026-10-07 10:00,1000SHIBUSDT,-0.005556,2026-10-08 09:21
2026-10-07 10:00,ADAUSDT,0.000694,2026-10-08 09:21
2026-10-07 10:00,AKEUSDT,0.019444,2026-10-08 09:21
2026-10-07 10:00,APTUSDT,-0.003472,2026-10-08 09:21
2026-10-07 10:00,ARBUSDT,0.002083,2026-10-08 09:21
2026-10-07 10:00,ASTERUSDT,-0.013889,2026-10-08 09:21
2026-10-07 10:00,BCHUSDT,-0.000694,2026-10-08 09:21
2026-10-07 10:00,BNBUSDT,-0.0125,2026-10-08 09:21
2026-10-07 10:00,BRUSDT,0.014583,2026-10-08 09:21
2026-10-07 10:00,BTWUSDT,0.018056,2026-10-08 09:21
2026-10-07 10:00,DASHUSDT,-0.016667,2026-10-08 09:21
2026-10-07 10:00,DOGEUSDT,-0.005556,2026-10-08 09:21
2026-10-07 10:00,DOTUSDT,-0.000694,2026-10-08 09:21
2026-10-07 10:00,ENAUSDT,0.002083,2026-10-08 09:21
2026-10-07 10:00,ETCUSDT,-0.004167,2026-10-08 09:21
2026-10-07 10:00,FETUSDT,0.000694,2026-10-08 09:21
2026-10-07 10:00,HBARUSDT,0.000694,2026-10-08 09:21
2026-10-07 10:00,HYPEUSDT,-0.001389,2026-10-08 09:21
2026-10-07 10:00,ICPUSDT,0.001389,2026-10-08 09:21
2026-10-07 10:00,INJUSDT,0.001389,2026-10-08 09:21
2026-10-07 10:00,KORUUSDT,-0.011806,2026-10-08 09:21
2026-10-07 10:00,LINKUSDT,-0.002083,2026-10-08 09:21
2026-10-07 10:00,LITUSDT,-0.011806,2026-10-08 09:21
2026-10-07 10:00,MUBARAKUSDT,0.017361,2026-10-08 09:21
2026-10-07 10:00,MUUUSDT,-0.0125,2026-10-08 09:21
2026-10-07 10:00,NEARUSDT,0.014583,2026-10-08 09:21
2026-10-07 10:00,NILUSDT,0.013194,2026-10-08 09:21
2026-10-07 10:00,ONDOUSDT,-0.001389,2026-10-08 09:21
2026-10-07 10:00,ONEUSDT,0.01875,2026-10-08 09:21
2026-10-07 10:00,PENGUUSDT,-0.004167,2026-10-08 09:21
2026-10-07 10:00,PUMPUSDT,0.001389,2026-10-08 09:21
2026-10-07 10:00,QNTUSDT,0.022917,2026-10-08 09:21
2026-10-07 10:00,SNXXUSDT,-0.0125,2026-10-08 09:21
2026-10-07 10:00,SOLUSDT,-0.003472,2026-10-08 09:21
2026-10-07 10:00,SUIUSDT,-0.001389,2026-10-08 09:21
2026-10-07 10:00,TAOUSDT,-0.001389,2026-10-08 09:21
2026-10-07 10:00,TRUMPUSDT,-0.015278,2026-10-08 09:21
2026-10-07 10:00,UNIUSDT,0.002083,2026-10-08 09:21
2026-10-07 10:00,USELESSUSDT,-0.008333,2026-10-08 09:21
2026-10-07 10:00,USUSDT,-0.005556,2026-10-08 09:21
2026-10-07 10:00,XPLUSDT,-0.009028,2026-10-08 09:21
2026-10-07 10:00,ZECUSDT,0.000694,2026-10-08 09:21
2026-10-07 10:00,ZROUSDT,0.015972,2026-10-08 09:21
2026-10-07 10:00,龙虾USDT,-0.003472,2026-10-08 09:21
2026-10-07 11:00,1000PEPEUSDT,0.001389,2026-10-08 09:21
2026-10-07 11:00,1000SHIBUSDT,-0.005556,2026-10-08 09:21
2026-10-07 11:00,ADAUSDT,0.000694,2026-10-08 09:21
2026-10-07 11:00,AKEUSDT,0.019444,2026-10-08 09:21
2026-10-07 11:00,APTUSDT,-0.003472,2026-10-08 09:21
2026-10-07 11:00,ARBUSDT,0.002778,2026-10-08 09:21
2026-10-07 11:00,ASTERUSDT,-0.013889,2026-10-08 09:21
2026-10-07 11:00,BCHUSDT,-0.000694,2026-10-08 09:21
2026-10-07 11:00,BNBUSDT,-0.0125,2026-10-08 09:21
2026-10-07 11:00,BRUSDT,0.014583,2026-10-08 09:21
2026-10-07 11:00,BTWUSDT,0.01875,2026-10-08 09:21
2026-10-07 11:00,DASHUSDT,-0.016667,2026-10-08 09:21
2026-10-07 11:00,DOGEUSDT,-0.005556,2026-10-08 09:21
2026-10-07 11:00,DOTUSDT,-0.000694,2026-10-08 09:21
2026-10-07 11:00,ENAUSDT,0.002083,2026-10-08 09:21
2026-10-07 11:00,ETCUSDT,-0.004167,2026-10-08 09:21
2026-10-07 11:00,FETUSDT,0.000694,2026-10-08 09:21
2026-10-07 11:00,HBARUSDT,0.000694,2026-10-08 09:21
2026-10-07 11:00,HYPEUSDT,-0.001389,2026-10-08 09:21
2026-10-07 11:00,ICPUSDT,0.000694,2026-10-08 09:21
2026-10-07 11:00,INJUSDT,0.000694,2026-10-08 09:21
2026-10-07 11:00,KORUUSDT,-0.0125,2026-10-08 09:21
2026-10-07 11:00,LINKUSDT,-0.002083,2026-10-08 09:21
2026-10-07 11:00,LITUSDT,-0.0125,2026-10-08 09:21
2026-10-07 11:00,MUBARAKUSDT,0.018056,2026-10-08 09:21
2026-10-07 11:00,MUUUSDT,-0.013194,2026-10-08 09:21
2026-10-07 11:00,NEARUSDT,0.013889,2026-10-08 09:21
2026-10-07 11:00,NILUSDT,0.013889,2026-10-08 09:21
2026-10-07 11:00,ONDOUSDT,-0.001389,2026-10-08 09:21
2026-10-07 11:00,ONEUSDT,0.019444,2026-10-08 09:21
2026-10-07 11:00,PENGUUSDT,-0.004167,2026-10-08 09:21
2026-10-07 11:00,PUMPUSDT,0.001389,2026-10-08 09:21
2026-10-07 11:00,QNTUSDT,0.023611,2026-10-08 09:21
2026-10-07 11:00,SNXXUSDT,-0.013194,2026-10-08 09:21
2026-10-07 11:00,SOLUSDT,-0.003472,2026-10-08 09:21
2026-10-07 11:00,SUIUSDT,-0.002083,2026-10-08 09:21
2026-10-07 11:00,TAOUSDT,-0.001389,2026-10-08 09:21
2026-10-07 11:00,TRUMPUSDT,-0.015278,2026-10-08 09:21
2026-10-07 11:00,UNIUSDT,0.002778,2026-10-08 09:21
2026-10-07 11:00,USELESSUSDT,-0.007639,2026-10-08 09:21
2026-10-07 11:00,USUSDT,-0.00625,2026-10-08 09:21
2026-10-07 11:00,XPLUSDT,-0.009028,2026-10-08 09:21
2026-10-07 11:00,ZECUSDT,0.001389,2026-10-08 09:21
2026-10-07 11:00,ZROUSDT,0.015972,2026-10-08 09:21
2026-10-07 11:00,龙虾USDT,-0.004167,2026-10-08 09:21
2026-10-07 12:00,1000PEPEUSDT,0.001389,2026-10-08 09:21
2026-10-07 12:00,1000SHIBUSDT,-0.005556,2026-10-08 09:21
2026-10-07 12:00,ADAUSDT,0.000694,2026-10-08 09:21
2026-10-07 12:00,AKEUSDT,0.020139,2026-10-08 09:21
2026-10-07 12:00,APTUSDT,-0.004167,2026-10-08 09:21
2026-10-07 12:00,ARBUSDT,0.003472,2026-10-08 09:21
2026-10-07 12:00,ASTERUSDT,-0.014583,2026-10-08 09:21
2026-10-07 12:00,BCHUSDT,-0.000694,2026-10-08 09:21
2026-10-07 12:00,BNBUSDT,-0.013194,2026-10-08 09:21
2026-10-07 12:00,BRUSDT,0.014583,2026-10-08 09:21
2026-10-07 12:00,BTWUSDT,0.019444,2026-10-08 09:21
2026-10-07 12:00,DASHUSDT,-0.017361,2026-10-08 09:21
2026-10-07 12:00,DOGEUSDT,-0.005556,2026-10-08 09:21
2026-10-07 12:00,DOTUSDT,-0.000694,2026-10-08 09:21
2026-10-07 12:00,ENAUSDT,0.002778,2026-10-08 09:21
2026-10-07 12:00,ETCUSDT,-0.004167,2026-10-08 09:21
2026-10-07 12:00,HBARUSDT,0.000694,2026-10-08 09:21
2026-10-07 12:00,HYPEUSDT,-0.001389,2026-10-08 09:21
2026-10-07 12:00,ICPUSDT,0.000694,2026-10-08 09:21
2026-10-07 12:00,INJUSDT,0.000694,2026-10-08 09:21
2026-10-07 12:00,KORUUSDT,-0.0125,2026-10-08 09:21
2026-10-07 12:00,LINKUSDT,-0.002083,2026-10-08 09:21
2026-10-07 12:00,LITUSDT,-0.0125,2026-10-08 09:21
2026-10-07 12:00,MUBARAKUSDT,0.01875,2026-10-08 09:21
2026-10-07 12:00,MUUUSDT,-0.013889,2026-10-08 09:21
2026-10-07 12:00,NEARUSDT,0.014583,2026-10-08 09:21
2026-10-07 12:00,NILUSDT,0.013194,2026-10-08 09:21
2026-10-07 12:00,ONDOUSDT,-0.002083,2026-10-08 09:21
2026-10-07 12:00,ONEUSDT,0.020139,2026-10-08 09:21
2026-10-07 12:00,PENGUUSDT,-0.004167,2026-10-08 09:21
2026-10-07 12:00,PUMPUSDT,0.001389,2026-10-08 09:21
2026-10-07 12:00,QNTUSDT,0.024306,2026-10-08 09:21
2026-10-07 12:00,SNXXUSDT,-0.013194,2026-10-08 09:21
2026-10-07 12:00,SOLUSDT,-0.003472,2026-10-08 09:21
2026-10-07 12:00,SUIUSDT,-0.002083,2026-10-08 09:21
2026-10-07 12:00,TAOUSDT,-0.001389,2026-10-08 09:21
2026-10-07 12:00,TRUMPUSDT,-0.015278,2026-10-08 09:21
2026-10-07 12:00,UNIUSDT,0.002778,2026-10-08 09:21
2026-10-07 12:00,USELESSUSDT,-0.008333,2026-10-08 09:21
2026-10-07 12:00,USUSDT,-0.005556,2026-10-08 09:21
2026-10-07 12:00,XPLUSDT,-0.009722,2026-10-08 09:21
2026-10-07 12:00,ZECUSDT,0.001389,2026-10-08 09:21
2026-10-07 12:00,ZROUSDT,0.016667,2026-10-08 09:21
2026-10-07 12:00,龙虾USDT,-0.004167,2026-10-08 09:21
2026-10-07 13:00,1000PEPEUSDT,0.000694,2026-10-08 09:21
2026-10-07 13:00,1000SHIBUSDT,-0.005556,2026-10-08 09:21
2026-10-07 13:00,ADAUSDT,0.000694,2026-10-08 09:21
2026-10-07 13:00,AKEUSDT,0.020833,2026-10-08 09:21
2026-10-07 13:00,APTUSDT,-0.003472,2026-10-08 09:21
2026-10-07 13:00,ARBUSDT,0.002778,2026-10-08 09:21
2026-10-07 13:00,ASTERUSDT,-0.014583,2026-10-08 09:21
2026-10-07 13:00,BCHUSDT,-0.000694,2026-10-08 09:21
2026-10-07 13:00,BNBUSDT,-0.013194,2026-10-08 09:21
2026-10-07 13:00,BRUSDT,0.015278,2026-10-08 09:21
2026-10-07 13:00,BTWUSDT,0.019444,2026-10-08 09:21
2026-10-07 13:00,DASHUSDT,-0.018056,2026-10-08 09:21
2026-10-07 13:00,DOGEUSDT,-0.005556,2026-10-08 09:21
2026-10-07 13:00,ENAUSDT,0.002778,2026-10-08 09:21
2026-10-07 13:00,ETCUSDT,-0.004167,2026-10-08 09:21
2026-10-07 13:00,HBARUSDT,0.000694,2026-10-08 09:21
2026-10-07 13:00,HYPEUSDT,-0.001389,2026-10-08 09:21
2026-10-07 13:00,ICPUSDT,0.001389,2026-10-08 09:21
2026-10-07 13:00,INJUSDT,0.001389,2026-10-08 09:21
2026-10-07 13:00,KORUUSDT,-0.013194,2026-10-08 09:21
2026-10-07 13:00,LINKUSDT,-0.002083,2026-10-08 09:21
2026-10-07 13:00,LITUSDT,-0.0125,2026-10-08 09:21
2026-10-07 13:00,MUBARAKUSDT,0.01875,2026-10-08 09:21
2026-10-07 13:00,MUUUSDT,-0.013889,2026-10-08 09:21
2026-10-07 13:00,NEARUSDT,0.015278,2026-10-08 09:21
2026-10-07 13:00,NILUSDT,0.013889,2026-10-08 09:21
2026-10-07 13:00,ONDOUSDT,-0.002083,2026-10-08 09:21
2026-10-07 13:00,ONEUSDT,0.020833,2026-10-08 09:21
2026-10-07 13:00,PENGUUSDT,-0.004861,2026-10-08 09:21
2026-10-07 13:00,PUMPUSDT,0.001389,2026-10-08 09:21
2026-10-07 13:00,QNTUSDT,0.025,2026-10-08 09:21
2026-10-07 13:00,SNXXUSDT,-0.013889,2026-10-08 09:21
2026-10-07 13:00,SOLUSDT,-0.003472,2026-10-08 09:21
2026-10-07 13:00,SUIUSDT,-0.002083,2026-10-08 09:21
2026-10-07 13:00,TAOUSDT,-0.001389,2026-10-08 09:21
2026-10-07 13:00,TRUMPUSDT,-0.015278,2026-10-08 09:21
2026-10-07 13:00,UNIUSDT,0.002083,2026-10-08 09:21
2026-10-07 13:00,USELESSUSDT,-0.009028,2026-10-08 09:21
2026-10-07 13:00,USUSDT,-0.00625,2026-10-08 09:21
2026-10-07 13:00,XPLUSDT,-0.009722,2026-10-08 09:21
2026-10-07 13:00,ZECUSDT,0.001389,2026-10-08 09:21
2026-10-07 13:00,ZROUSDT,0.016667,2026-10-08 09:21
2026-10-07 13:00,龙虾USDT,-0.004861,2026-10-08 09:21
2026-10-07 14:00,1000SHIBUSDT,-0.005556,2026-10-08 09:21
2026-10-07 14:00,ADAUSDT,0.000694,2026-10-08 09:21
2026-10-07 14:00,AKEUSDT,0.021528,2026-10-08 09:21
2026-10-07 14:00,APTUSDT,-0.002778,2026-10-08 09:21
2026-10-07 14:00,ARBUSDT,0.002778,2026-10-08 09:21
2026-10-07 14:00,ASTERUSDT,-0.014583,2026-10-08 09:21
2026-10-07 14:00,BCHUSDT,-0.000694,2026-10-08 09:21
2026-10-07 14:00,BNBUSDT,-0.013194,2026-10-08 09:21
2026-10-07 14:00,BRUSDT,0.015972,2026-10-08 09:21
2026-10-07 14:00,BTWUSDT,0.01875,2026-10-08 09:21
2026-10-07 14:00,DASHUSDT,-0.018056,2026-10-08 09:21
2026-10-07 14:00,DOGEUSDT,-0.005556,2026-10-08 09:21
2026-10-07 14:00,ENAUSDT,0.002083,2026-10-08 09:21
2026-10-07 14:00,ETCUSDT,-0.004167,2026-10-08 09:21
2026-10-07 14:00,FETUSDT,0.000694,2026-10-08 09:21
2026-10-07 14:00,HBARUSDT,0.000694,2026-10-08 09:21
2026-10-07 14:00,HYPEUSDT,-0.001389,2026-10-08 09:21
2026-10-07 14:00,ICPUSDT,0.001389,2026-10-08 09:21
2026-10-07 14:00,INJUSDT,0.002083,2026-10-08 09:21
2026-10-07 14:00,KORUUSDT,-0.0125,2026-10-08 09:21
2026-10-07 14:00,LINKUSDT,-0.002083,2026-10-08 09:21
2026-10-07 14:00,LITUSDT,-0.013194,2026-10-08 09:21
2026-10-07 14:00,MUBARAKUSDT,0.018056,2026-10-08 09:21
2026-10-07 14:00,MUUUSDT,-0.013889,2026-10-08 09:21
2026-10-07 14:00,NEARUSDT,0.015278,2026-10-08 09:21
2026-10-07 14:00,NILUSDT,0.013889,2026-10-08 09:21
2026-10-07 14:00,ONDOUSDT,-0.002083,2026-10-08 09:21
2026-10-07 14:00,ONEUSDT,0.021528,2026-10-08 09:21
2026-10-07 14:00,PENGUUSDT,-0.005556,2026-10-08 09:21
2026-10-07 14:00,PUMPUSDT,0.001389,2026-10-08 09:21
2026-10-07 14:00,QNTUSDT,0.025694,2026-10-08 09:21
2026-10-07 14:00,SNXXUSDT,-0.013194,2026-10-08 09:21
2026-10-07 14:00,SOLUSDT,-0.003472,2026-10-08 09:21
2026-10-07 14:00,SUIUSDT,-0.001389,2026-10-08 09:21
2026-10-07 14:00,TAOUSDT,-0.002083,2026-10-08 09:21
2026-10-07 14:00,TRUMPUSDT,-0.015278,2026-10-08 09:21
2026-10-07 14:00,UNIUSDT,0.001389,2026-10-08 09:21
2026-10-07 14:00,USELESSUSDT,-0.009722,2026-10-08 09:21
2026-10-07 14:00,USUSDT,-0.00625,2026-10-08 09:21
2026-10-07 14:00,XPLUSDT,-0.009722,2026-10-08 09:21
2026-10-07 14:00,ZECUSDT,0.000694,2026-10-08 09:21
2026-10-07 14:00,ZROUSDT,0.016667,2026-10-08 09:21
2026-10-07 14:00,龙虾USDT,-0.004861,2026-10-08 09:21
2026-10-07 15:00,1000SHIBUSDT,-0.005556,2026-10-08 09:21
2026-10-07 15:00,ADAUSDT,0.000694,2026-10-08 09:21
2026-10-07 15:00,AKEUSDT,0.022222,2026-10-08 09:21
2026-10-07 15:00,APTUSDT,-0.003472,2026-10-08 09:21
2026-10-07 15:00,ARBUSDT,0.003472,2026-10-08 09:21
2026-10-07 15:00,ASTERUSDT,-0.015278,2026-10-08 09:21
2026-10-07 15:00,BNBUSDT,-0.013194,2026-10-08 09:21
2026-10-07 15:00,BRUSDT,0.015972,2026-10-08 09:21
2026-10-07 15:00,BTWUSDT,0.019444,2026-10-08 09:21
2026-10-07 15:00,DASHUSDT,-0.01875,2026-10-08 09:21
2026-10-07 15:00,DOGEUSDT,-0.005556,2026-10-08 09:21
2026-10-07 15:00,ENAUSDT,0.002083,2026-10-08 09:21
2026-10-07 15:00,ETCUSDT,-0.004167,2026-10-08 09:21
2026-10-07 15:00,HBARUSDT,0.001389,2026-10-08 09:21
2026-10-07 15:00,HYPEUSDT,-0.001389,2026-10-08 09:21
2026-10-07 15:00,ICPUSDT,0.001389,2026-10-08 09:21
2026-10-07 15:00,INJUSDT,0.002083,2026-10-08 09:21
2026-10-07 15:00,KORUUSDT,-0.013194,2026-10-08 09:21
2026-10-07 15:00,LINKUSDT,-0.002083,2026-10-08 09:21
2026-10-07 15:00,LITUSDT,-0.013194,2026-10-08 09:21
2026-10-07 15:00,MUBARAKUSDT,0.01875,2026-10-08 09:21
2026-10-07 15:00,MUUUSDT,-0.014583,2026-10-08 09:21
2026-10-07 15:00,NEARUSDT,0.015972,2026-10-08 09:21
2026-10-07 15:00,NILUSDT,0.013194,2026-10-08 09:21
2026-10-07 15:00,ONDOUSDT,-0.002083,2026-10-08 09:21
2026-10-07 15:00,ONEUSDT,0.022222,2026-10-08 09:21
2026-10-07 15:00,PENGUUSDT,-0.005556,2026-10-08 09:21
2026-10-07 15:00,PUMPUSDT,0.001389,2026-10-08 09:21
2026-10-07 15:00,QNTUSDT,0.026389,2026-10-08 09:21
2026-10-07 15:00,SNXXUSDT,-0.013194,2026-10-08 09:21
2026-10-07 15:00,SOLUSDT,-0.003472,2026-10-08 09:21
2026-10-07 15:00,SUIUSDT,-0.001389,2026-10-08 09:21
2026-10-07 15:00,TAOUSDT,-0.002083,2026-10-08 09:21
2026-10-07 15:00,TRUMPUSDT,-0.015278,2026-10-08 09:21
2026-10-07 15:00,UNIUSDT,0.001389,2026-10-08 09:21
2026-10-07 15:00,USELESSUSDT,-0.010417,2026-10-08 09:21
2026-10-07 15:00,USUSDT,-0.00625,2026-10-08 09:21
2026-10-07 15:00,XPLUSDT,-0.010417,2026-10-08 09:21
2026-10-07 15:00,ZECUSDT,0.000694,2026-10-08 09:21
2026-10-07 15:00,ZROUSDT,0.017361,2026-10-08 09:21
2026-10-07 15:00,龙虾USDT,-0.005556,2026-10-08 09:21
2026-10-07 16:00,1000SHIBUSDT,-0.005556,2026-10-08 09:21
2026-10-07 16:00,ADAUSDT,0.000694,2026-10-08 09:21
2026-10-07 16:00,AKEUSDT,0.022222,2026-10-08 09:21
2026-10-07 16:00,APTUSDT,-0.004167,2026-10-08 09:21
2026-10-07 16:00,ARBUSDT,0.003472,2026-10-08 09:21
2026-10-07 16:00,ASTERUSDT,-0.015278,2026-10-08 09:21
2026-10-07 16:00,BNBUSDT,-0.013194,2026-10-08 09:21
2026-10-07 16:00,BRUSDT,0.015972,2026-10-08 09:21
2026-10-07 16:00,BTWUSDT,0.020139,2026-10-08 09:21
2026-10-07 16:00,DASHUSDT,-0.01875,2026-10-08 09:21
2026-10-07 16:00,DOGEUSDT,-0.005556,2026-10-08 09:21
2026-10-07 16:00,DOTUSDT,-0.000694,2026-10-08 09:21
2026-10-07 16:00,ENAUSDT,0.002778,2026-10-08 09:21
2026-10-07 16:00,ETCUSDT,-0.004167,2026-10-08 09:21
2026-10-07 16:00,FETUSDT,-0.000694,2026-10-08 09:21
2026-10-07 16:00,HBARUSDT,0.001389,2026-10-08 09:21
2026-10-07 16:00,HYPEUSDT,-0.001389,2026-10-08 09:21
2026-10-07 16:00,ICPUSDT,0.000694,2026-10-08 09:21
2026-10-07 16:00,INJUSDT,0.001389,2026-10-08 09:21
2026-10-07 16:00,KORUUSDT,-0.013889,2026-10-08 09:21
2026-10-07 16:00,LINKUSDT,-0.002083,2026-10-08 09:21
2026-10-07 16:00,LITUSDT,-0.013194,2026-10-08 09:21
2026-10-07 16:00,MUBARAKUSDT,0.019444,2026-10-08 09:21
2026-10-07 16:00,MUUUSDT,-0.015278,2026-10-08 09:21
2026-10-07 16:00,NEARUSDT,0.016667,2026-10-08 09:21
2026-10-07 16:00,NILUSDT,0.013194,2026-10-08 09:21
2026-10-07 16:00,ONDOUSDT,-0.002083,2026-10-08 09:21
2026-10-07 16:00,ONEUSDT,0.021528,2026-10-08 09:21
2026-10-07 16:00,PENGUUSDT,-0.005556,2026-10-08 09:21
2026-10-07 16:00,PUMPUSDT,0.001389,2026-10-08 09:21
2026-10-07 16:00,QNTUSDT,0.027083,2026-10-08 09:21
2026-10-07 16:00,SNXXUSDT,-0.013889,2026-10-08 09:21
2026-10-07 16:00,SOLUSDT,-0.003472,2026-10-08 09:21
2026-10-07 16:00,SUIUSDT,-0.001389,2026-10-08 09:21
2026-10-07 16:00,TAOUSDT,-0.002083,2026-10-08 09:21
2026-10-07 16:00,TRUMPUSDT,-0.015278,2026-10-08 09:21
2026-10-07 16:00,UNIUSDT,0.002083,2026-10-08 09:21
2026-10-07 16:00,USELESSUSDT,-0.009722,2026-10-08 09:21
2026-10-07 16:00,USUSDT,-0.005556,2026-10-08 09:21
2026-10-07 16:00,XPLUSDT,-0.011111,2026-10-08 09:21
2026-10-07 16:00,ZECUSDT,0.000694,2026-10-08 09:21
2026-10-07 16:00,ZROUSDT,0.018056,2026-10-08 09:21
2026-10-07 16:00,龙虾USDT,-0.004861,2026-10-08 09:21
2026-10-07 17:00,1000SHIBUSDT,-0.00625,2026-10-08 09:21
2026-10-07 17:00,ADAUSDT,0.000694,2026-10-08 09:21
2026-10-07 17:00,AKEUSDT,0.022917,2026-10-08 09:21
2026-10-07 17:00,APTUSDT,-0.004167,2026-10-08 09:21
2026-10-07 17:00,ARBUSDT,0.004167,2026-10-08 09:21
2026-10-07 17:00,ASTERUSDT,-0.015972,2026-10-08 09:21
2026-10-07 17:00,BNBUSDT,-0.013889,2026-10-08 09:21
2026-10-07 17:00,BRUSDT,0.016667,2026-10-08 09:21
2026-10-07 17:00,BTWUSDT,0.020833,2026-10-08 09:21
2026-10-07 17:00,DASHUSDT,-0.019444,2026-10-08 09:21
2026-10-07 17:00,DOGEUSDT,-0.00625,2026-10-08 09:21
2026-10-07 17:00,DOTUSDT,-0.000694,2026-10-08 09:21
2026-10-07 17:00,ENAUSDT,0.002778,2026-10-08 09:21
2026-10-07 17:00,ETCUSDT,-0.004167,2026-10-08 09:21
2026-10-07 17:00,FETUSDT,-0.000694,2026-10-08 09:21
2026-10-07 17:00,HBARUSDT,0.001389,2026-10-08 09:21
2026-10-07 17:00,HYPEUSDT,-0.001389,2026-10-08 09:21
2026-10-07 17:00,ICPUSDT,0.000694,2026-10-08 09:21
2026-10-07 17:00,INJUSDT,0.001389,2026-10-08 09:21
2026-10-07 17:00,KORUUSDT,-0.013889,2026-10-08 09:21
2026-10-07 17:00,LINKUSDT,-0.002778,2026-10-08 09:21
2026-10-07 17:00,LITUSDT,-0.013889,2026-10-08 09:21
2026-10-07 17:00,MUBARAKUSDT,0.020139,2026-10-08 09:21
2026-10-07 17:00,MUUUSDT,-0.015278,2026-10-08 09:21
2026-10-07 17:00,NEARUSDT,0.017361,2026-10-08 09:21
2026-10-07 17:00,NILUSDT,0.013194,2026-10-08 09:21
2026-10-07 17:00,ONDOUSDT,-0.002083,2026-10-08 09:21
2026-10-07 17:00,ONEUSDT,0.022222,2026-10-08 09:21
2026-10-07 17:00,PENGUUSDT,-0.005556,2026-10-08 09:21
2026-10-07 17:00,PUMPUSDT,0.001389,2026-10-08 09:21
2026-10-07 17:00,QNTUSDT,0.027778,2026-10-08 09:21
2026-10-07 17:00,SNXXUSDT,-0.013889,2026-10-08 09:21
2026-10-07 17:00,SOLUSDT,-0.003472,2026-10-08 09:21
2026-10-07 17:00,SUIUSDT,-0.001389,2026-10-08 09:21
2026-10-07 17:00,TAOUSDT,-0.002778,2026-10-08 09:21
2026-10-07 17:00,TRUMPUSDT,-0.015278,2026-10-08 09:21
2026-10-07 17:00,UNIUSDT,0.001389,2026-10-08 09:21
2026-10-07 17:00,USELESSUSDT,-0.009722,2026-10-08 09:21
2026-10-07 17:00,USUSDT,-0.004861,2026-10-08 09:21
2026-10-07 17:00,XPLUSDT,-0.011111,2026-10-08 09:21
2026-10-07 17:00,ZROUSDT,0.01875,2026-10-08 09:21
2026-10-07 17:00,龙虾USDT,-0.004861,2026-10-08 09:21
2026-10-07 18:00,1000PEPEUSDT,0.000694,2026-10-08 09:21
2026-10-07 18:00,1000SHIBUSDT,-0.00625,2026-10-08 09:21
2026-10-07 18:00,ADAUSDT,0.000694,2026-10-08 09:21
2026-10-07 18:00,AKEUSDT,0.023611,2026-10-08 09:21
2026-10-07 18:00,APTUSDT,-0.004167,2026-10-08 09:21
2026-10-07 18:00,ARBUSDT,0.004861,2026-10-08 09:21
2026-10-07 18:00,ASTERUSDT,-0.015278,2026-10-08 09:21
2026-10-07 18:00,BNBUSDT,-0.013889,2026-10-08 09:21
2026-10-07 18:00,BRUSDT,0.016667,2026-10-08 09:21
2026-10-07 18:00,BTWUSDT,0.020833,2026-10-08 09:21
2026-10-07 18:00,DASHUSDT,-0.019444,2026-10-08 09:21
2026-10-07 18:00,DOGEUSDT,-0.00625,2026-10-08 09:21
2026-10-07 18:00,DOTUSDT,-0.000694,2026-10-08 09:21
2026-10-07 18:00,ENAUSDT,0.002083,2026-10-08 09:21
2026-10-07 18:00,ETCUSDT,-0.004167,2026-10-08 09:21
2026-10-07 18:00,HBARUSDT,0.001389,2026-10-08 09:21
2026-10-07 18:00,HYPEUSDT,-0.001389,2026-10-08 09:21
2026-10-07 18:00,INJUSDT,0.000694,2026-10-08 09:21
2026-10-07 18:00,KORUUSDT,-0.014583,2026-10-08 09:21
2026-10-07 18:00,LINKUSDT,-0.002778,2026-10-08 09:21
2026-10-07 18:00,LITUSDT,-0.014583,2026-10-08 09:21
2026-10-07 18:00,MUBARAKUSDT,0.020833,2026-10-08 09:21
2026-10-07 18:00,MUUUSDT,-0.015972,2026-10-08 09:21
2026-10-07 18:00,NEARUSDT,0.016667,2026-10-08 09:21
2026-10-07 18:00,NILUSDT,0.013889,2026-10-08 09:21
2026-10-07 18:00,ONDOUSDT,-0.002083,2026-10-08 09:21
2026-10-07 18:00,ONEUSDT,0.022917,2026-10-08 09:21
2026-10-07 18:00,PENGUUSDT,-0.005556,2026-10-08 09:21
2026-10-07 18:00,PUMPUSDT,0.001389,2026-10-08 09:21
2026-10-07 18:00,QNTUSDT,0.028472,2026-10-08 09:21
2026-10-07 18:00,SNXXUSDT,-0.014583,2026-10-08 09:21
2026-10-07 18:00,SOLUSDT,-0.003472,2026-10-08 09:21
2026-10-07 18:00,SUIUSDT,-0.001389,2026-10-08 09:21
2026-10-07 18:00,TAOUSDT,-0.002778,2026-10-08 09:21
2026-10-07 18:00,TRUMPUSDT,-0.015278,2026-10-08 09:21
2026-10-07 18:00,UNIUSDT,0.002083,2026-10-08 09:21
2026-10-07 18:00,USELESSUSDT,-0.009722,2026-10-08 09:21
2026-10-07 18:00,USUSDT,-0.005556,2026-10-08 09:21
2026-10-07 18:00,XPLUSDT,-0.011111,2026-10-08 09:21
2026-10-07 18:00,ZROUSDT,0.01875,2026-10-08 09:21
2026-10-07 18:00,龙虾USDT,-0.005556,2026-10-08 09:21
2026-10-07 19:00,1000PEPEUSDT,0.000694,2026-10-08 09:21
2026-10-07 19:00,1000SHIBUSDT,-0.00625,2026-10-08 09:21
2026-10-07 19:00,ADAUSDT,0.000694,2026-10-08 09:21
2026-10-07 19:00,AKEUSDT,0.024306,2026-10-08 09:21
2026-10-07 19:00,APTUSDT,-0.004167,2026-10-08 09:21
2026-10-07 19:00,ARBUSDT,0.004167,2026-10-08 09:21
2026-10-07 19:00,ASTERUSDT,-0.015972,2026-10-08 09:21
2026-10-07 19:00,BNBUSDT,-0.014583,2026-10-08 09:21
2026-10-07 19:00,BRUSDT,0.017361,2026-10-08 09:21
2026-10-07 19:00,BTWUSDT,0.021528,2026-10-08 09:21
2026-10-07 19:00,DASHUSDT,-0.020139,2026-10-08 09:21
2026-10-07 19:00,DOGEUSDT,-0.00625,2026-10-08 09:21
2026-10-07 19:00,DOTUSDT,-0.001389,2026-10-08 09:21
2026-10-07 19:00,ENAUSDT,0.002778,2026-10-08 09:21
2026-10-07 19:00,ETCUSDT,-0.004167,2026-10-08 09:21
2026-10-07 19:00,FETUSDT,-0.000694,2026-10-08 09:21
2026-10-07 19:00,HBARUSDT,0.001389,2026-10-08 09:21
2026-10-07 19:00,HYPEUSDT,-0.001389,2026-10-08 09:21
2026-10-07 19:00,INJUSDT,0.000694,2026-10-08 09:21
2026-10-07 19:00,KORUUSDT,-0.014583,2026-10-08 09:21
2026-10-07 19:00,LINKUSDT,-0.002778,2026-10-08 09:21
2026-10-07 19:00,LITUSDT,-0.014583,2026-10-08 09:21
2026-10-07 19:00,MUBARAKUSDT,0.020833,2026-10-08 09:21
2026-10-07 19:00,MUUUSDT,-0.015972,2026-10-08 09:21
2026-10-07 19:00,NEARUSDT,0.017361,2026-10-08 09:21
2026-10-07 19:00,NILUSDT,0.013889,2026-10-08 09:21
2026-10-07 19:00,ONDOUSDT,-0.002778,2026-10-08 09:21
2026-10-07 19:00,ONEUSDT,0.022222,2026-10-08 09:21
2026-10-07 19:00,PENGUUSDT,-0.005556,2026-10-08 09:21
2026-10-07 19:00,PUMPUSDT,0.001389,2026-10-08 09:21
2026-10-07 19:00,QNTUSDT,0.029167,2026-10-08 09:21
2026-10-07 19:00,SNXXUSDT,-0.014583,2026-10-08 09:21
2026-10-07 19:00,SOLUSDT,-0.003472,2026-10-08 09:21
2026-10-07 19:00,SUIUSDT,-0.001389,2026-10-08 09:21
2026-10-07 19:00,TAOUSDT,-0.002778,2026-10-08 09:21
2026-10-07 19:00,TRUMPUSDT,-0.015972,2026-10-08 09:21
2026-10-07 19:00,UNIUSDT,0.002083,2026-10-08 09:21
2026-10-07 19:00,USELESSUSDT,-0.009028,2026-10-08 09:21
2026-10-07 19:00,USUSDT,-0.004861,2026-10-08 09:21
2026-10-07 19:00,XPLUSDT,-0.011806,2026-10-08 09:21
2026-10-07 19:00,ZROUSDT,0.019444,2026-10-08 09:21
2026-10-07 19:00,龙虾USDT,-0.004861,2026-10-08 09:21
2026-10-07 20:00,1000PEPEUSDT,0.000694,2026-10-08 09:21
2026-10-07 20:00,1000SHIBUSDT,-0.006944,2026-10-08 09:21
2026-10-07 20:00,ADAUSDT,0.000694,2026-10-08 09:21
2026-10-07 20:00,AKEUSDT,0.025,2026-10-08 09:21
2026-10-07 20:00,APTUSDT,-0.004167,2026-10-08 09:21
2026-10-07 20:00,ARBUSDT,0.004167,2026-10-08 09:21
2026-10-07 20:00,ASTERUSDT,-0.016667,2026-10-08 09:21
2026-10-07 20:00,BNBUSDT,-0.014583,2026-10-08 09:21
2026-10-07 20:00,BRUSDT,0.017361,2026-10-08 09:21
2026-10-07 20:00,BTWUSDT,0.020833,2026-10-08 09:21
2026-10-07 20:00,DASHUSDT,-0.020139,2026-10-08 09:21
2026-10-07 20:00,DOGEUSDT,-0.00625,2026-10-08 09:21
2026-10-07 20:00,DOTUSDT,-0.001389,2026-10-08 09:21
2026-10-07 20:00,ENAUSDT,0.002778,2026-10-08 09:21
2026-10-07 20:00,ETCUSDT,-0.004167,2026-10-08 09:21
2026-10-07 20:00,FETUSDT,-0.000694,2026-10-08 09:21
2026-10-07 20:00,HBARUSDT,0.001389,2026-10-08 09:21
2026-10-07 20:00,HYPEUSDT,-0.001389,2026-10-08 09:21
2026-10-07 20:00,INJUSDT,0.001389,2026-10-08 09:21
2026-10-07 20:00,KORUUSDT,-0.013889,2026-10-08 09:21
2026-10-07 20:00,LINKUSDT,-0.003472,2026-10-08 09:21
2026-10-07 20:00,LITUSDT,-0.015278,2026-10-08 09:21
2026-10-07 20:00,MUBARAKUSDT,0.020139,2026-10-08 09:21
2026-10-07 20:00,MUUUSDT,-0.015278,2026-10-08 09:21
2026-10-07 20:00,NEARUSDT,0.018056,2026-10-08 09:21
2026-10-07 20:00,NILUSDT,0.013889,2026-10-08 09:21
2026-10-07 20:00,ONDOUSDT,-0.003472,2026-10-08 09:21
2026-10-07 20:00,ONEUSDT,0.022917,2026-10-08 09:21
2026-10-07 20:00,PENGUUSDT,-0.005556,2026-10-08 09:21
2026-10-07 20:00,PUMPUSDT,0.001389,2026-10-08 09:21
2026-10-07 20:00,QNTUSDT,0.029861,2026-10-08 09:21
2026-10-07 20:00,SNXXUSDT,-0.013889,2026-10-08 09:21
2026-10-07 20:00,SOLUSDT,-0.003472,2026-10-08 09:21
2026-10-07 20:00,SUIUSDT,-0.001389,2026-10-08 09:21
2026-10-07 20:00,TAOUSDT,-0.003472,2026-10-08 09:21
2026-10-07 20:00,TRUMPUSDT,-0.015972,2026-10-08 09:21
2026-10-07 20:00,UNIUSDT,0.001389,2026-10-08 09:21
2026-10-07 20:00,USELESSUSDT,-0.009028,2026-10-08 09:21
2026-10-07 20:00,USUSDT,-0.004167,2026-10-08 09:21
2026-10-07 20:00,XPLUSDT,-0.011806,2026-10-08 09:21
2026-10-07 20:00,ZECUSDT,-0.000694,2026-10-08 09:21
2026-10-07 20:00,ZROUSDT,0.019444,2026-10-08 09:21
2026-10-07 20:00,龙虾USDT,-0.004167,2026-10-08 09:21
2026-10-07 21:00,1000SHIBUSDT,-0.006944,2026-10-08 09:21
2026-10-07 21:00,ADAUSDT,0.000694,2026-10-08 09:21
2026-10-07 21:00,AKEUSDT,0.025694,2026-10-08 09:21
2026-10-07 21:00,APTUSDT,-0.004167,2026-10-08 09:21
2026-10-07 21:00,ARBUSDT,0.003472,2026-10-08 09:21
2026-10-07 21:00,ASTERUSDT,-0.017361,2026-10-08 09:21
2026-10-07 21:00,BNBUSDT,-0.014583,2026-10-08 09:21
2026-10-07 21:00,BRUSDT,0.018056,2026-10-08 09:21
2026-10-07 21:00,BTWUSDT,0.021528,2026-10-08 09:21
2026-10-07 21:00,DASHUSDT,-0.020833,2026-10-08 09:21
2026-10-07 21:00,DOGEUSDT,-0.00625,2026-10-08 09:21
2026-10-07 21:00,DOTUSDT,-0.001389,2026-10-08 09:21
2026-10-07 21:00,ENAUSDT,0.002778,2026-10-08 09:21
2026-10-07 21:00,ETCUSDT,-0.004861,2026-10-08 09:21
2026-10-07 21:00,FETUSDT,-0.000694,2026-10-08 09:21
2026-10-07 21:00,HBARUSDT,0.001389,2026-10-08 09:21
2026-10-07 21:00,HYPEUSDT,-0.001389,2026-10-08 09:21
2026-10-07 21:00,INJUSDT,0.002083,2026-10-08 09:21
2026-10-07 21:00,KORUUSDT,-0.013889,2026-10-08 09:21
2026-10-07 21:00,LINKUSDT,-0.003472,2026-10-08 09:21
2026-10-07 21:00,LITUSDT,-0.015278,2026-10-08 09:21
2026-10-07 21:00,MUBARAKUSDT,0.020139,2026-10-08 09:21
2026-10-07 21:00,MUUUSDT,-0.015278,2026-10-08 09:21
2026-10-07 21:00,NEARUSDT,0.01875,2026-10-08 09:21
2026-10-07 21:00,NILUSDT,0.014583,2026-10-08 09:21
2026-10-07 21:00,ONDOUSDT,-0.003472,2026-10-08 09:21
2026-10-07 21:00,ONEUSDT,0.023611,2026-10-08 09:21
2026-10-07 21:00,PENGUUSDT,-0.00625,2026-10-08 09:21
2026-10-07 21:00,PUMPUSDT,0.001389,2026-10-08 09:21
2026-10-07 21:00,QNTUSDT,0.030556,2026-10-08 09:21
2026-10-07 21:00,SNXXUSDT,-0.014583,2026-10-08 09:21
2026-10-07 21:00,SOLUSDT,-0.003472,2026-10-08 09:21
2026-10-07 21:00,SUIUSDT,-0.001389,2026-10-08 09:21
2026-10-07 21:00,TAOUSDT,-0.003472,2026-10-08 09:21
2026-10-07 21:00,TRUMPUSDT,-0.016667,2026-10-08 09:21
2026-10-07 21:00,UNIUSDT,0.001389,2026-10-08 09:21
2026-10-07 21:00,USELESSUSDT,-0.009722,2026-10-08 09:21
2026-10-07 21:00,USUSDT,-0.004861,2026-10-08 09:21
2026-10-07 21:00,XPLUSDT,-0.011806,2026-10-08 09:21
2026-10-07 21:00,ZECUSDT,-0.000694,2026-10-08 09:21
2026-10-07 21:00,ZROUSDT,0.020139,2026-10-08 09:21
2026-10-07 21:00,龙虾USDT,-0.003472,2026-10-08 09:21
2026-10-07 22:00,1000SHIBUSDT,-0.007639,2026-10-08 09:21
2026-10-07 22:00,ADAUSDT,0.000694,2026-10-08 09:21
2026-10-07 22:00,AKEUSDT,0.026389,2026-10-08 09:21
2026-10-07 22:00,APTUSDT,-0.004167,2026-10-08 09:21
2026-10-07 22:00,ARBUSDT,0.003472,2026-10-08 09:21
2026-10-07 22:00,ASTERUSDT,-0.017361,2026-10-08 09:21
2026-10-07 22:00,BCHUSDT,0.000694,2026-10-08 09:21
2026-10-07 22:00,BNBUSDT,-0.014583,2026-10-08 09:21
2026-10-07 22:00,BRUSDT,0.018056,2026-10-08 09:21
2026-10-07 22:00,BTWUSDT,0.020833,2026-10-08 09:21
2026-10-07 22:00,DASHUSDT,-0.021528,2026-10-08 09:21
2026-10-07 22:00,DOGEUSDT,-0.006944,2026-10-08 09:21
2026-10-07 22:00,DOTUSDT,-0.000694,2026-10-08 09:21
2026-10-07 22:00,ENAUSDT,0.002778,2026-10-08 09:21
2026-10-07 22:00,ETCUSDT,-0.004861,2026-10-08 09:21
2026-10-07 22:00,FETUSDT,-0.000694,2026-10-08 09:21
2026-10-07 22:00,HBARUSDT,0.002083,2026-10-08 09:21
2026-10-07 22:00,HYPEUSDT,-0.001389,2026-10-08 09:21
2026-10-07 22:00,ICPUSDT,0.000694,2026-10-08 09:21
2026-10-07 22:00,INJUSDT,0.002778,2026-10-08 09:21
2026-10-07 22:00,KORUUSDT,-0.013889,2026-10-08 09:21
2026-10-07 22:00,LINKUSDT,-0.003472,2026-10-08 09:21
2026-10-07 22:00,LITUSDT,-0.015972,2026-10-08 09:21
2026-10-07 22:00,MUBARAKUSDT,0.020139,2026-10-08 09:21
2026-10-07 22:00,MUUUSDT,-0.015278,2026-10-08 09:21
2026-10-07 22:00,NEARUSDT,0.019444,2026-10-08 09:21
2026-10-07 22:00,NILUSDT,0.014583,2026-10-08 09:21
2026-10-07 22:00,ONDOUSDT,-0.003472,2026-10-08 09:21
2026-10-07 22:00,ONEUSDT,0.024306,2026-10-08 09:21
2026-10-07 22:00,PENGUUSDT,-0.00625,2026-10-08 09:21
2026-10-07 22:00,PUMPUSDT,0.001389,2026-10-08 09:21
2026-10-07 22:00,QNTUSDT,0.03125,2026-10-08 09:21
2026-10-07 22:00,SNXXUSDT,-0.014583,2026-10-08 09:21
2026-10-07 22:00,SOLUSDT,-0.004167,2026-10-08 09:21
2026-10-07 22:00,SUIUSDT,-0.001389,2026-10-08 09:21
2026-10-07 22:00,TAOUSDT,-0.003472,2026-10-08 09:21
2026-10-07 22:00,TRUMPUSDT,-0.016667,2026-10-08 09:21
2026-10-07 22:00,UNIUSDT,0.000694,2026-10-08 09:21
2026-10-07 22:00,USELESSUSDT,-0.010417,2026-10-08 09:21
2026-10-07 22:00,USUSDT,-0.004861,2026-10-08 09:21
2026-10-07 22:00,XPLUSDT,-0.011806,2026-10-08 09:21
2026-10-07 22:00,ZECUSDT,-0.001389,2026-10-08 09:21
2026-10-07 22:00,ZROUSDT,0.020833,2026-10-08 09:21
2026-10-07 22:00,龙虾USDT,-0.004167,2026-10-08 09:21
2026-10-07 23:00,1000SHIBUSDT,-0.007639,2026-10-08 09:21
2026-10-07 23:00,ADAUSDT,0.000694,2026-10-08 09:21
2026-10-07 23:00,AKEUSDT,0.027083,2026-10-08 09:21
2026-10-07 23:00,APTUSDT,-0.004167,2026-10-08 09:21
2026-10-07 23:00,ARBUSDT,0.002778,2026-10-08 09:21
2026-10-07 23:00,ASTERUSDT,-0.018056,2026-10-08 09:21
2026-10-07 23:00,BNBUSDT,-0.014583,2026-10-08 09:21
2026-10-07 23:00,BRUSDT,0.01875,2026-10-08 09:21
2026-10-07 23:00,BTWUSDT,0.021528,2026-10-08 09:21
2026-10-07 23:00,DASHUSDT,-0.022222,2026-10-08 09:21
2026-10-07 23:00,DOGEUSDT,-0.006944,2026-10-08 09:21
2026-10-07 23:00,DOTUSDT,-0.000694,2026-10-08 09:21
2026-10-07 23:00,ENAUSDT,0.002778,2026-10-08 09:21
2026-10-07 23:00,ETCUSDT,-0.004861,2026-10-08 09:21
2026-10-07 23:00,FETUSDT,-0.000694,2026-10-08 09:21
2026-10-07 23:00,HBARUSDT,0.002083,2026-10-08 09:21
2026-10-07 23:00,HYPEUSDT,-0.002083,2026-10-08 09:21
2026-10-07 23:00,ICPUSDT,0.000694,2026-10-08 09:21
2026-10-07 23:00,INJUSDT,0.002778,2026-10-08 09:21
2026-10-07 23:00,KORUUSDT,-0.014583,2026-10-08 09:21
2026-10-07 23:00,LINKUSDT,-0.003472,2026-10-08 09:21
2026-10-07 23:00,LITUSDT,-0.016667,2026-10-08 09:21
2026-10-07 23:00,MUBARAKUSDT,0.020833,2026-10-08 09:21
2026-10-07 23:00,MUUUSDT,-0.015278,2026-10-08 09:21
2026-10-07 23:00,NEARUSDT,0.020139,2026-10-08 09:21
2026-10-07 23:00,NILUSDT,0.015278,2026-10-08 09:21
2026-10-07 23:00,ONDOUSDT,-0.003472,2026-10-08 09:21
2026-10-07 23:00,ONEUSDT,0.025,2026-10-08 09:21
2026-10-07 23:00,PENGUUSDT,-0.006944,2026-10-08 09:21
2026-10-07 23:00,PUMPUSDT,0.001389,2026-10-08 09:21
2026-10-07 23:00,QNTUSDT,0.031944,2026-10-08 09:21
2026-10-07 23:00,SNXXUSDT,-0.015278,2026-10-08 09:21
2026-10-07 23:00,SOLUSDT,-0.004167,2026-10-08 09:21
2026-10-07 23:00,SUIUSDT,-0.001389,2026-10-08 09:21
2026-10-07 23:00,TAOUSDT,-0.003472,2026-10-08 09:21
2026-10-07 23:00,TRUMPUSDT,-0.017361,2026-10-08 09:21
2026-10-07 23:00,UNIUSDT,0.000694,2026-10-08 09:21
2026-10-07 23:00,USELESSUSDT,-0.009722,2026-10-08 09:21
2026-10-07 23:00,USUSDT,-0.004861,2026-10-08 09:21
2026-10-07 23:00,XPLUSDT,-0.011806,2026-10-08 09:21
2026-10-07 23:00,ZECUSDT,-0.001389,2026-10-08 09:21
2026-10-07 23:00,ZROUSDT,0.020833,2026-10-08 09:21
2026-10-07 23:00,龙虾USDT,-0.003472,2026-10-08 09:21
