date,gross,funding,cost,net,equity,btc_equity
2026-09-29,0.018698,0.0,0.007,0.011698,5058.49,5009.79
2026-09-30,0.01013,0.0,0.000154,0.009976,5108.95,5006.94
2026-10-01,-0.005187,0.0,0.00048,-0.005667,5080.0,5081.99
2026-10-02,-0.006886,0.0,9.3e-05,-0.006978,5044.55,5061.21
2026-10-03,0.012025,0.0,0.000493,0.011533,5102.73,5074.86
2026-10-04,0.021822,0.0,0.002402,0.01942,5201.82,5181.03
2026-10-05,0.005385,0.0,0.000117,0.005267,5229.22,5135.16
2026-10-06,-0.023642,0.0,0.001757,-0.025399,5096.4,5122.6
2026-10-07,-0.047885,0.0,0.000632,-0.048517,4849.14,4989.27
2026-10-08,-0.045988,0.0,0.000683,-0.04667,4622.83,4895.16
