symbol,close
1000000MOGUSDT,0.1204
1000BONKUSDT,0.003917
1000CATUSDT,0.002274
1000FLOKIUSDT,0.02893
1000PEPEUSDT,0.0044006
1000RATSUSDT,0.04193
1000SATSUSDT,1.256e-05
1000SHIBUSDT,0.005921
1000XUSDT,0.02555
1MBABYDOGEUSDT,0.0004216
ACTUSDT,0.010678
AI16ZUSDT,0.06168
ARCUSDT,0.0731
BANUSDT,0.06678
BOMEUSDT,0.0010292
BRETTUSDT,0.00591
CATUSDT,849.51
CHILLGUYUSDT,0.012992
DEGENUSDT,0.0006713
DOGEUSDT,0.0959
DOGSUSDT,4.795e-05
FARTCOINUSDT,0.1844
GOATUSDT,0.01891
GRIFFAINUSDT,0.017396
HMSTRUSDT,0.0001721
KOMAUSDT,0.020146
MEMEUSDT,0.0006246
MEWUSDT,0.0005442
MOODENGUSDT,0.04659
MUBARAKUSDT,0.06566
MYROUSDT,0.01001
NEIROUSDT,9.165e-05
NOTUSDT,0.0005013
ORDIUSDT,4.543
PENGUUSDT,0.009578
PEOPLEUSDT,0.008976
PIPPINUSDT,0.01862
PNUTUSDT,0.05461
PONKEUSDT,0.03807
POPCATUSDT,0.05392
PUMPUSDT,0.006517
SLERFUSDT,0.07059
SPXUSDT,0.4432
SWARMSUSDT,0.008294
TRUMPUSDT,2.044
TSTUSDT,0.01847
TURBOUSDT,0.0010431
USELESSUSDT,0.2402
VINEUSDT,0.01575
WENUSDT,6.144
WIFUSDT,0.2511
WLFIUSDT,0.05509
ZEREBROUSDT,0.03204
BTCUSDT,86482.8
